"Id","IsDeleted","Name","ParentId","Type","Status","StartDate","EndDate","ExpectedRevenue","BudgetedCost","ActualCost","ExpectedResponse","NumberSent","IsActive","Description","CampaignImageId","NumberOfLeads","NumberOfConvertedLeads","NumberOfContacts","NumberOfResponses","NumberOfOpportunities","NumberOfWonOpportunities","AmountAllOpportunities","AmountWonOpportunities","HierarchyNumberOfLeads","HierarchyNumberOfConvertedLeads","HierarchyNumberOfContacts","HierarchyNumberOfResponses","HierarchyNumberOfOpportunities","HierarchyNumberOfWonOpportunities","HierarchyAmountAllOpportunities","HierarchyAmountWonOpportunities","HierarchyNumberSent","HierarchyExpectedRevenue","HierarchyBudgetedCost","HierarchyActualCost","OwnerId","CreatedDate","CreatedById","LastModifiedDate","LastModifiedById","SystemModstamp","LastActivityDate","CampaignMemberRecordTypeId"
"7015e000000xyykAAA","0","GC Product Webinar - Jan 7, 2002","","Webinar","Completed","2015-01-09 00:00:00","2015-01-09 00:00:00","3000000","10000","11400","10","5000","1","","","0","0","0","0","0","0","0","0","0","0","0","0","0","0","0","0","5000","3000000","10000","11400","0055e000005DbAMAA0","2021-07-29 09:45:55","0055e000005DbAMAA0","2021-07-29 09:45:55","0055e000005DbAMAA0","2021-07-29 09:45:55","",""
"7015e000000xyylAAA","0","User Conference - Jun 17-19, 2002","","Conference","Planned","2015-06-19 00:00:00","2015-06-21 00:00:00","5500000","100000","","15","40000","1","","","0","0","0","0","0","0","0","0","0","0","0","0","0","0","0","0","40000","5500000","100000","","0055e000005DbAMAA0","2021-07-29 09:45:55","0055e000005DbAMAA0","2021-07-29 09:45:55","0055e000005DbAMAA0","2021-07-29 09:45:55","",""
"7015e000000xyymAAA","0","DM Campaign to Top Customers - Nov 12-23, 2001","","Direct Mail","Completed","2014-11-14 00:00:00","2014-11-25 00:00:00","2500000","25000","23500","7","15000","1","","","0","0","0","0","0","0","0","0","0","0","0","0","0","0","0","0","15000","2500000","25000","23500","0055e000005DbAMAA0","2021-07-29 09:45:55","0055e000005DbAMAA0","2021-07-29 09:45:55","0055e000005DbAMAA0","2021-07-29 09:45:55","",""
"7015e000000xyynAAA","0","International Electrical Engineers Association Trade Show - Mar 4-5, 2002","","Trade Show","Planned","2015-03-06 00:00:00","2015-03-07 00:00:00","8500000","50000","","0","0","1","","","0","0","0","0","0","0","0","0","0","0","0","0","0","0","0","0","0","8500000","50000","","0055e000005DbAMAA0","2021-07-29 09:45:55","0055e000005DbAMAA0","2021-07-29 09:45:55","0055e000005DbAMAA0","2021-07-29 09:45:55","",""
