"Id","IsDeleted","MasterRecordId","CaseNumber","ContactId","AccountId","AssetId","ProductId","EntitlementId","BusinessHoursId","ParentId","SuppliedName","SuppliedEmail","SuppliedPhone","SuppliedCompany","Type","Status","Reason","Origin","Subject","Priority","Description","IsClosed","ClosedDate","IsEscalated","OwnerId","IsClosedOnCreate","SlaStartDate","SlaExitDate","IsStopped","StopStartDate","CreatedDate","CreatedById","LastModifiedDate","LastModifiedById","SystemModstamp","ServiceContractId","EventsProcessedDate","EngineeringReqNumber__c","SLAViolation__c","Product__c","PotentialLiability__c"
"5005e000006TDh0AAG","0","","00001000","0035e00000CYYWbAAP","0015e00000EqLfyAAF","000000000000000AAA","000000000000000AAA","","01m5e000000oOslAAE","000000000000000AAA","","","","","Electrical","Closed","Equipment Complexity","Phone","Starting generator after electrical failure","High","","1","2020-06-09 18:59:51","0","0055e000005DbAMAA0","1","","","0","","2021-07-29 09:45:55","0055e000005DbAMAA0","2021-07-29 09:45:55","0055e000005DbAMAA0","2021-07-29 09:45:55","","","765876","No","GC5040","No"
"5005e000006TDh1AAG","0","","00001001","0035e00000CYYWsAAP","0015e00000EqLg3AAF","000000000000000AAA","000000000000000AAA","","01m5e000000oOslAAE","000000000000000AAA","","","","","Electrical","Closed","Performance","Phone","Performance inadequate for second consecutive week","High","","1","2020-06-09 18:59:51","0","0055e000005DbAMAA0","1","","","0","","2021-07-29 09:45:55","0055e000005DbAMAA0","2021-07-29 09:45:55","0055e000005DbAMAA0","2021-07-29 09:45:55","","","767145","Yes","GC1060","Yes"
"5005e000006TDh3AAG","0","","00001003","0035e00000CYYWkAAP","0015e00000EqLg4AAF","000000000000000AAA","000000000000000AAA","","01m5e000000oOslAAE","000000000000000AAA","","","","","Other","Closed","Installation","Web","Easy installation process","Low","","1","2020-06-09 18:59:51","0","0055e000005DbAMAA0","1","","","0","","2021-07-29 09:45:55","0055e000005DbAMAA0","2021-07-29 09:45:55","0055e000005DbAMAA0","2021-07-29 09:45:55","","","","No","GC1020","No"
"5005e000006TDh4AAG","0","","00001004","0035e00000CYYWkAAP","0015e00000EqLg4AAF","000000000000000AAA","000000000000000AAA","","01m5e000000oOslAAE","000000000000000AAA","","","","","Other","Closed","Other","Phone","Maintenance guidelines for generator unclear","Medium","","1","2020-06-09 18:59:51","0","0055e000005DbAMAA0","1","","","0","","2021-07-29 09:45:55","0055e000005DbAMAA0","2021-07-29 09:45:55","0055e000005DbAMAA0","2021-07-29 09:45:55","","","784532","No","GC5020","No"
"5005e000006TDh5AAG","0","","00001005","0035e00000CYYWlAAP","0015e00000EqLg4AAF","000000000000000AAA","000000000000000AAA","","01m5e000000oOslAAE","000000000000000AAA","","","","","Electrical","Closed","Performance","Phone","Electrical circuit malfunctioning","Medium","","1","2020-06-09 18:59:51","0","0055e000005DbAMAA0","1","","","0","","2021-07-29 09:45:55","0055e000005DbAMAA0","2021-07-29 09:45:55","0055e000005DbAMAA0","2021-07-29 09:45:55","","","653780","No","GC1060","Yes"
"5005e000006TDh6AAG","0","","00001006","0035e00000CYYWrAAP","0015e00000EqLg8AAF","000000000000000AAA","000000000000000AAA","","01m5e000000oOslAAE","000000000000000AAA","","","","","Other","Closed","Feedback","Phone","Generator assembly instructions unclear","Low","","1","2020-06-09 18:59:51","0","0055e000005DbAMAA0","1","","","0","","2021-07-29 09:45:55","0055e000005DbAMAA0","2021-07-29 09:45:55","0055e000005DbAMAA0","2021-07-29 09:45:55","","","253574","No","GC1020","No"
"5005e000006TDh7AAG","0","","00001007","0035e00000CYYWgAAP","0015e00000EqLg2AAF","000000000000000AAA","000000000000000AAA","","01m5e000000oOslAAE","000000000000000AAA","","","","","Structural","Closed","Breakdown","Phone","Structural breakdown of rotor assembly","Medium","","1","2020-06-09 18:59:51","0","0055e000005DbAMAA0","1","","","0","","2021-07-29 09:45:55","0055e000005DbAMAA0","2021-07-29 09:45:55","0055e000005DbAMAA0","2021-07-29 09:45:55","","","835735","No","GC1040","No"
"5005e000006TDh8AAG","0","","00001008","0035e00000CYYWgAAP","0015e00000EqLg2AAF","000000000000000AAA","000000000000000AAA","","01m5e000000oOslAAE","000000000000000AAA","","","","","Other","Closed","Feedback","Web","Customer service for portable generators needs beefing up","Low","","1","2020-06-09 18:59:51","0","0055e000005DbAMAA0","1","","","0","","2021-07-29 09:45:55","0055e000005DbAMAA0","2021-07-29 09:45:55","0055e000005DbAMAA0","2021-07-29 09:45:55","","","","No","GC1020","No"
"5005e000006TDh9AAG","0","","00001009","0035e00000CYYWoAAP","0015e00000EqLg6AAF","000000000000000AAA","000000000000000AAA","","01m5e000000oOslAAE","000000000000000AAA","","","","","Mechanical","Closed","Other","Phone","Mechanical maintenance guidelines for generator misleading","Medium","","1","2020-06-09 18:59:51","0","0055e000005DbAMAA0","1","","","0","","2021-07-29 09:45:55","0055e000005DbAMAA0","2021-07-29 09:45:55","0055e000005DbAMAA0","2021-07-29 09:45:55","","","365782","No","GC3040","Yes"
"5005e000006TDhAAAW","0","","00001010","0035e00000CYYWpAAP","0015e00000EqLg7AAF","000000000000000AAA","000000000000000AAA","","01m5e000000oOslAAE","000000000000000AAA","","","","","Other","Closed","Feedback","Web","Maintenance guidelines for generator unclear","Low","","1","2020-06-09 18:59:51","0","0055e000005DbAMAA0","1","","","0","","2021-07-29 09:45:55","0055e000005DbAMAA0","2021-07-29 09:45:55","0055e000005DbAMAA0","2021-07-29 09:45:55","","","658733","No","GC1060","No"
"5005e000006TDhBAAW","0","","00001011","0035e00000CYYWqAAP","0015e00000EqLg7AAF","000000000000000AAA","000000000000000AAA","","01m5e000000oOslAAE","000000000000000AAA","","","","","Electronic","Closed","Equipment Design","Web","Electronic panel fitting loose","Medium","","1","2020-06-09 18:59:51","0","0055e000005DbAMAA0","1","","","0","","2021-07-29 09:45:55","0055e000005DbAMAA0","2021-07-29 09:45:55","0055e000005DbAMAA0","2021-07-29 09:45:55","","","965884","No","GC3020","No"
"5005e000006TDhCAAW","0","","00001012","0035e00000CYYWmAAP","0015e00000EqLg5AAF","000000000000000AAA","000000000000000AAA","","01m5e000000oOslAAE","000000000000000AAA","","","","","Electrical","Closed","Breakdown","Web","Repeated motor breakdown while shutting off","Medium","","1","2020-06-09 18:59:51","0","0055e000005DbAMAA0","1","","","0","","2021-07-29 09:45:55","0055e000005DbAMAA0","2021-07-29 09:45:55","0055e000005DbAMAA0","2021-07-29 09:45:55","","","347209","Yes","GC1020","Yes"
"5005e000006TDhDAAW","0","","00001013","0035e00000CYYWhAAP","0015e00000EqLg2AAF","000000000000000AAA","000000000000000AAA","","01m5e000000oOslAAE","000000000000000AAA","","","","","Other","Closed","Equipment Design","Web","Starting up generator consumes excessive power","Medium","","1","2020-06-09 18:59:51","0","0055e000005DbAMAA0","1","","","0","","2021-07-29 09:45:55","0055e000005DbAMAA0","2021-07-29 09:45:55","0055e000005DbAMAA0","2021-07-29 09:45:55","","","654623","No","GC5020","No"
"5005e000006TDhEAAW","0","","00001014","0035e00000CYYWhAAP","0015e00000EqLg2AAF","000000000000000AAA","000000000000000AAA","","01m5e000000oOslAAE","000000000000000AAA","","","","","Other","Closed","Installation","Phone","Delay in installation; spare parts unavailable","High","","1","2020-06-09 18:59:51","0","0055e000005DbAMAA0","1","","","0","","2021-07-29 09:45:55","0055e000005DbAMAA0","2021-07-29 09:45:55","0055e000005DbAMAA0","2021-07-29 09:45:55","","","","No","GC3020","Yes"
"5005e000006TDhFAAW","0","","00001015","0035e00000CYYWqAAP","0015e00000EqLg7AAF","000000000000000AAA","000000000000000AAA","","01m5e000000oOslAAE","000000000000000AAA","","","","","Mechanical","Closed","Breakdown","Web","Frequent mechanical breakdown","Medium","","1","2020-06-09 18:59:51","0","0055e000005DbAMAA0","1","","","0","","2021-07-29 09:45:55","0055e000005DbAMAA0","2021-07-29 09:45:55","0055e000005DbAMAA0","2021-07-29 09:45:55","","","354982","No","GC3060","Yes"
"5005e000006TDhHAAW","0","","00001017","0035e00000CYYWcAAP","0015e00000EqLfyAAF","000000000000000AAA","000000000000000AAA","","01m5e000000oOslAAE","000000000000000AAA","","","","","Mechanical","Closed","Equipment Complexity","Web","Shutting down of generator","Medium","","1","2020-06-09 18:59:51","0","0055e000005DbAMAA0","1","","","0","","2021-07-29 09:45:55","0055e000005DbAMAA0","2021-07-29 09:45:55","0055e000005DbAMAA0","2021-07-29 09:45:55","","","736734","No","GC1040","No"
"5005e000006TDhIAAW","0","","00001018","0035e00000CYYWcAAP","0015e00000EqLfyAAF","000000000000000AAA","000000000000000AAA","","01m5e000000oOslAAE","000000000000000AAA","","","","","Electrical","Closed","Equipment Complexity","Phone","Cannot start generator after electrical failure","Medium","","1","2020-06-09 18:59:51","0","0055e000005DbAMAA0","1","","","0","","2021-07-29 09:45:55","0055e000005DbAMAA0","2021-07-29 09:45:55","0055e000005DbAMAA0","2021-07-29 09:45:55","","","526714","No","GC1040","No"
"5005e000006TDhJAAW","0","","00001019","0035e00000CYYWdAAP","0015e00000EqLfzAAF","000000000000000AAA","000000000000000AAA","","01m5e000000oOslAAE","000000000000000AAA","","","","","Structural","Closed","Equipment Design","Web","Structural failure of generator base","High","","1","2020-06-09 18:59:51","0","0055e000005DbAMAA0","1","","","0","","2021-07-29 09:45:55","0055e000005DbAMAA0","2021-07-29 09:45:55","0055e000005DbAMAA0","2021-07-29 09:45:55","","","636265","No","GC5060","Yes"
"5005e000006TDhKAAW","0","","00001020","0035e00000CYYWdAAP","0015e00000EqLfzAAF","000000000000000AAA","000000000000000AAA","","01m5e000000oOslAAE","000000000000000AAA","","","","","Electrical","Closed","Performance","Phone","Power generation below stated level","Medium","","1","2020-06-09 18:59:51","0","0055e000005DbAMAA0","1","","","0","","2021-07-29 09:45:55","0055e000005DbAMAA0","2021-07-29 09:45:55","0055e000005DbAMAA0","2021-07-29 09:45:55","","","237645","No","GC3060","Yes"
"5005e000006TDhLAAW","0","","00001021","0035e00000CYYWiAAP","0015e00000EqLg3AAF","000000000000000AAA","000000000000000AAA","","01m5e000000oOslAAE","000000000000000AAA","","","","","Structural","Closed","Installation","Phone","Generator GC3060 platform structure is weakening","High","","1","2020-06-09 18:59:51","0","0055e000005DbAMAA0","1","","","0","","2021-07-29 09:45:55","0055e000005DbAMAA0","2021-07-29 09:45:55","0055e000005DbAMAA0","2021-07-29 09:45:55","","","435143","","GC3060","Yes"
"5005e000006TDhMAAW","0","","00001022","0035e00000CYYWiAAP","0015e00000EqLg3AAF","000000000000000AAA","000000000000000AAA","","01m5e000000oOslAAE","000000000000000AAA","","","","","Electronic","Closed","Performance","Web","Signal panel on GC5060 blinks intermittently","Medium","","1","2020-06-09 18:59:51","0","0055e000005DbAMAA0","1","","","0","","2021-07-29 09:45:55","0055e000005DbAMAA0","2021-07-29 09:45:55","0055e000005DbAMAA0","2021-07-29 09:45:55","","","456345","No","GC5060","No"
"5005e000006TDhNAAW","0","","00001023","0035e00000CYYWiAAP","0015e00000EqLg3AAF","000000000000000AAA","000000000000000AAA","","01m5e000000oOslAAE","000000000000000AAA","","","","","Electrical","Closed","Other","Phone","Electric surge damaging adjacent equipment","High","","1","2020-06-09 18:59:51","0","0055e000005DbAMAA0","1","","","0","","2021-07-29 09:45:55","0055e000005DbAMAA0","2021-07-29 09:45:55","0055e000005DbAMAA0","2021-07-29 09:45:55","","","265794","No","GC5060","No"
"5005e000006TDhPAAW","0","","00001025","0035e00000CYYWjAAP","0015e00000EqLg3AAF","000000000000000AAA","000000000000000AAA","","01m5e000000oOslAAE","000000000000000AAA","","","","","Electrical","Closed","Equipment Design","Phone","Motor design hindering performance","Medium","","1","2020-06-09 18:59:51","0","0055e000005DbAMAA0","1","","","0","","2021-07-29 09:45:55","0055e000005DbAMAA0","2021-07-29 09:45:55","0055e000005DbAMAA0","2021-07-29 09:45:55","","","572546","No","GC5040","No"
