"Id","CaseId","OwnerId","Status","PreviousUpdate","LastModifiedDate","LastModifiedById","IsDeleted"
"02D5e000007i3VLEAY","5005e000006TDh0AAG","0055e000005DbAMAA0","Closed","","2021-07-29 09:45:55","0055e000005DbAMAA0","0"
"02D5e000007i3VMEAY","5005e000006TDh1AAG","0055e000005DbAMAA0","Closed","","2021-07-29 09:45:55","0055e000005DbAMAA0","0"
"02D5e000007i3VOEAY","5005e000006TDh3AAG","0055e000005DbAMAA0","Closed","","2021-07-29 09:45:55","0055e000005DbAMAA0","0"
"02D5e000007i3VPEAY","5005e000006TDh4AAG","0055e000005DbAMAA0","Closed","","2021-07-29 09:45:55","0055e000005DbAMAA0","0"
"02D5e000007i3VQEAY","5005e000006TDh5AAG","0055e000005DbAMAA0","Closed","","2021-07-29 09:45:55","0055e000005DbAMAA0","0"
"02D5e000007i3VREAY","5005e000006TDh6AAG","0055e000005DbAMAA0","Closed","","2021-07-29 09:45:55","0055e000005DbAMAA0","0"
"02D5e000007i3VSEAY","5005e000006TDh7AAG","0055e000005DbAMAA0","Closed","","2021-07-29 09:45:55","0055e000005DbAMAA0","0"
"02D5e000007i3VTEAY","5005e000006TDh8AAG","0055e000005DbAMAA0","Closed","","2021-07-29 09:45:55","0055e000005DbAMAA0","0"
"02D5e000007i3VUEAY","5005e000006TDh9AAG","0055e000005DbAMAA0","Closed","","2021-07-29 09:45:55","0055e000005DbAMAA0","0"
"02D5e000007i3VVEAY","5005e000006TDhAAAW","0055e000005DbAMAA0","Closed","","2021-07-29 09:45:55","0055e000005DbAMAA0","0"
"02D5e000007i3VWEAY","5005e000006TDhBAAW","0055e000005DbAMAA0","Closed","","2021-07-29 09:45:55","0055e000005DbAMAA0","0"
"02D5e000007i3VXEAY","5005e000006TDhCAAW","0055e000005DbAMAA0","Closed","","2021-07-29 09:45:55","0055e000005DbAMAA0","0"
"02D5e000007i3VYEAY","5005e000006TDhDAAW","0055e000005DbAMAA0","Closed","","2021-07-29 09:45:55","0055e000005DbAMAA0","0"
"02D5e000007i3VZEAY","5005e000006TDhEAAW","0055e000005DbAMAA0","Closed","","2021-07-29 09:45:55","0055e000005DbAMAA0","0"
"02D5e000007i3VaEAI","5005e000006TDhFAAW","0055e000005DbAMAA0","Closed","","2021-07-29 09:45:55","0055e000005DbAMAA0","0"
"02D5e000007i3VcEAI","5005e000006TDhHAAW","0055e000005DbAMAA0","Closed","","2021-07-29 09:45:55","0055e000005DbAMAA0","0"
"02D5e000007i3VdEAI","5005e000006TDhIAAW","0055e000005DbAMAA0","Closed","","2021-07-29 09:45:55","0055e000005DbAMAA0","0"
"02D5e000007i3VeEAI","5005e000006TDhJAAW","0055e000005DbAMAA0","Closed","","2021-07-29 09:45:55","0055e000005DbAMAA0","0"
"02D5e000007i3VfEAI","5005e000006TDhKAAW","0055e000005DbAMAA0","Closed","","2021-07-29 09:45:55","0055e000005DbAMAA0","0"
"02D5e000007i3VgEAI","5005e000006TDhLAAW","0055e000005DbAMAA0","Closed","","2021-07-29 09:45:55","0055e000005DbAMAA0","0"
"02D5e000007i3VhEAI","5005e000006TDhMAAW","0055e000005DbAMAA0","Closed","","2021-07-29 09:45:55","0055e000005DbAMAA0","0"
"02D5e000007i3ViEAI","5005e000006TDhNAAW","0055e000005DbAMAA0","Closed","","2021-07-29 09:45:55","0055e000005DbAMAA0","0"
"02D5e000007i3VkEAI","5005e000006TDhPAAW","0055e000005DbAMAA0","Closed","","2021-07-29 09:45:55","0055e000005DbAMAA0","0"
