"Id","LinkedEntityId","ContentDocumentId","IsDeleted","SystemModstamp","ShareType","Visibility"
"06A5e000000ByjzEAC","0055e000005DbAMAA0","0695e000002dvkRAAQ","0","2021-07-29 09:45:55","I","AllUsers"
"06A5e000000Byk0EAC","00D5e000003QuLuEAK","0695e000002dvkRAAQ","0","2021-07-29 09:45:55","V","AllUsers"
"06A5e000000Byk1EAC","0055e000005L2LGAA0","0695e000002dvkSAAQ","0","2021-07-29 09:45:55","I","AllUsers"
"06A5e000000Byk2EAC","0055e000005L2LGAA0","0695e000002dvkSAAQ","0","2021-07-29 09:45:55","I","AllUsers"
