"Id","IsDeleted","MasterRecordId","AccountId","Salutation","FirstName","LastName","OtherStreet","OtherCity","OtherState","OtherPostalCode","OtherCountry","OtherLatitude","OtherLongitude","OtherGeocodeAccuracy","MailingStreet","MailingCity","MailingState","MailingPostalCode","MailingCountry","MailingLatitude","MailingLongitude","MailingGeocodeAccuracy","Phone","Fax","MobilePhone","HomePhone","OtherPhone","AssistantPhone","ReportsToId","Email","Title","Department","AssistantName","LeadSource","Birthdate","Description","OwnerId","HasOptedOutOfEmail","HasOptedOutOfFax","DoNotCall","CreatedDate","CreatedById","LastModifiedDate","LastModifiedById","SystemModstamp","LastActivityDate","LastCURequestDate","LastCUUpdateDate","EmailBouncedReason","EmailBouncedDate","Jigsaw","JigsawContactId","CleanStatus","IndividualId","Level__c","Times_Available__c","Overall_Rating__c","TotalReview__c"
"0035e00000CDrnSAAT","0","","000000000000000AAA","Mr.","Austin","Ulberg","","","","","","","","","","","","","","","","","","","7155772219","","","","","wsempathy@yahoo.com","","","","","","","0055e000005DbAMAA0","0","0","0","2021-08-01 20:50:12","0055e000005DbAMAA0","2021-08-16 18:27:12","0055e000005DbAMAA0","2021-08-16 18:27:12","","","","","","","","Pending","000000000000000AAA","","","2","11"
"0035e00000CE1OoAAL","0","","000000000000000AAA","Mr.","Sample","Bob","","","","","","","","","","","","","","","","","","","","","","","","","","","","","","","0055e000005DcvFAAS","0","0","0","2021-08-02 16:20:56","0055e000005DcvFAAS","2021-08-18 15:35:40","0055e000005DcvFAAS","2021-08-18 15:35:40","","","","","","","","Pending","000000000000000AAA","","","3","21"
"0035e00000CYYWbAAP","0","","0015e00000EqLfyAAF","Ms.","Rose","Gonzalez","","","","","","","","","313 Constitution Place Austin, TX 78767 USA","","","","","","","","(512) 757-6000","(512) 757-9000","(512) 757-9340","","","","","rose@edge.com","SVP, Procurement","Procurement","","Trade Show","1969-07-10 00:00:00","","0055e000005DbAMAA0","0","0","0","2021-07-29 09:45:55","0055e000005DbAMAA0","2021-07-29 09:45:55","0055e000005DbAMAA0","2021-07-29 09:45:55","","","","","","","","Pending","","Primary","","0","0"
"0035e00000CYYWcAAP","0","","0015e00000EqLfyAAF","Mr.","Sean","Forbes","","","","","","","","","312 Constitution Place Austin, TX 78767 USA","","","","","","","","(512) 757-6000","(512) 757-9000","(512) 757-4561","","","","","sean@edge.com","CFO","Finance","","Trade Show","1948-04-07 00:00:00","","0055e000005DbAMAA0","0","0","0","2021-07-29 09:45:55","0055e000005DbAMAA0","2021-07-29 09:45:55","0055e000005DbAMAA0","2021-07-29 09:45:55","","","","","","","","Pending","","Secondary","","0","0"
"0035e00000CYYWdAAP","0","","0015e00000EqLfzAAF","Mr.","Jack","Rogers","","","","","","","","","525 S. Lexington Ave","Burlington","NC","27215","USA","","","","(336) 222-7000","(336) 222-8000","","","","","","jrogers@burlington.com","VP, Facilities","","","Web","","","0055e000005DbAMAA0","0","0","0","2021-07-29 09:45:55","0055e000005DbAMAA0","2021-07-29 09:45:55","0055e000005DbAMAA0","2021-07-29 09:45:55","","","","","","","","Pending","","","","0","0"
"0035e00000CYYWeAAP","0","","0015e00000EqLg0AAF","Ms.","Pat","Stumuller","2 Place Jussieu","Paris","","75251","France","","","","2 Place Jussieu","Paris","","75251","France","","","","(014) 427-4427","(014) 427-4428","(014) 454-6364","","","(014) 427-4465","","pat@pyramid.net","SVP, Administration and Finance","Finance","Jean Marie","","","","0055e000005DbAMAA0","0","0","0","2021-07-29 09:45:55","0055e000005DbAMAA0","2021-07-29 09:45:55","0055e000005DbAMAA0","2021-07-29 09:45:55","","","","","","","","Pending","","Primary","","0","0"
"0035e00000CYYWgAAP","0","","0015e00000EqLg2AAF","Mr.","Tim","Barr","","","","","","","","","2335 N. Michigan Avenue, Suite 1500 Chicago, IL 60601, USA","","","","","","","","(312) 596-1000","(312) 596-1500","(312) 596-1230","","","","","barr_tim@grandhotels.com","SVP, Administration and Finance","Finance","","External Referral","1955-03-06 00:00:00","","0055e000005DbAMAA0","0","0","0","2021-07-29 09:45:55","0055e000005DbAMAA0","2021-07-29 09:45:55","0055e000005DbAMAA0","2021-07-29 09:45:55","","","","","","","","Pending","","Secondary","","0","0"
"0035e00000CYYWhAAP","0","","0015e00000EqLg2AAF","Mr.","John","Bond","","","","","","","","","2334 N. Michigan Avenue, Suite 1500 Chicago, IL 60601, USA","","","","","","","","(312) 596-1000","(312) 596-1500","(312) 596-1563","","","","","bond_john@grandhotels.com","VP, Facilities","Facilities","","External Referral","1957-05-17 00:00:00","","0055e000005DbAMAA0","0","0","0","2021-07-29 09:45:55","0055e000005DbAMAA0","2021-07-29 09:45:55","0055e000005DbAMAA0","2021-07-29 09:45:55","","","","","","","","Pending","","Primary","","0","0"
"0035e00000CYYWiAAP","0","","0015e00000EqLg3AAF","Ms.","Stella","Pavlova","","","","","","","","","1303 Avenue of the Americas  New York, NY 10019 USA","","","","","","","","(212) 842-5500","(212) 842-5501","(212) 842-5501","","(212) 842-5543","(212) 842-5589","","spavlova@uog.com","SVP, Production","Production","Audrey Haynes","Public Relations","1944-10-31 00:00:00","","0055e000005DbAMAA0","0","0","0","2021-07-29 09:45:55","0055e000005DbAMAA0","2021-07-29 09:45:55","0055e000005DbAMAA0","2021-07-29 09:45:55","","","","","","","","Pending","","Tertiary","","0","0"
"0035e00000CYYWjAAP","0","","0015e00000EqLg3AAF","Ms.","Lauren","Boyle","","","","","","","","","1304 Avenue of the Americas  New York, NY 10019 USA","","","","","","","","(212) 842-5500","(212) 842-5501","(212) 842-5611","","","","","lboyle@uog.com","SVP, Technology","Technology","","Public Relations","1961-12-14 00:00:00","","0055e000005DbAMAA0","0","0","0","2021-07-29 09:45:55","0055e000005DbAMAA0","2021-07-29 09:45:55","0055e000005DbAMAA0","2021-07-29 09:45:55","","","","","","","","Pending","","Secondary","","0","0"
"0035e00000CYYWkAAP","0","","0015e00000EqLg4AAF","Ms.","Babara","Levy","","","","","","","","","620 SW 5th Avenue Suite 400 Portland, Oregon 97204 United States","","","","","","","","(503) 421-7800","(503) 421-7801","(503) 421-5451","","","(503) 421-6782","","b.levy@expressl&t.net","SVP, Operations","Operations","Ron Sage","Word of mouth","1938-06-17 00:00:00","","0055e000005DbAMAA0","0","0","0","2021-07-29 09:45:55","0055e000005DbAMAA0","2021-07-29 09:45:55","0055e000005DbAMAA0","2021-07-29 09:45:55","","","","","","","","Pending","","Primary","","0","0"
"0035e00000CYYWlAAP","0","","0015e00000EqLg4AAF","Mr.","Josh","Davis","","","","","","","","","621 SW 5th Avenue Suite 400 Portland, Oregon 97204 United States","","","","","","","","(503) 421-7800","(503) 421-7801","(503) 421-4387","","","","","j.davis@expressl&t.net","Director, Warehouse Mgmt","Warehouse Mgmt","","Word of mouth","1949-10-11 00:00:00","","0055e000005DbAMAA0","0","0","0","2021-07-29 09:45:55","0055e000005DbAMAA0","2021-07-29 09:45:55","0055e000005DbAMAA0","2021-07-29 09:45:55","","","","","","","","Pending","","Secondary","","0","0"
"0035e00000CYYWmAAP","0","","0015e00000EqLg5AAF","Ms.","Jane","Grey","","","","","","","","","888 N Euclid  Hallis Center, Room 501 Tucson, AZ 85721 United States","","","","","","","","(520) 773-9050","(520) 773-9060","(520) 773-4539","","","","","jane_gray@uoa.edu","Dean of Administration","Administration","","Word of mouth","1945-08-28 00:00:00","","0055e000005DbAMAA0","0","0","0","2021-07-29 09:45:55","0055e000005DbAMAA0","2021-07-29 09:45:55","0055e000005DbAMAA0","2021-07-29 09:45:55","","","","","","","","Pending","","Primary","","0","0"
"0035e00000CYYWoAAP","0","","0015e00000EqLg6AAF","Ms.","Ashley","James","","","","","","","","","Kings Park, 17th Avenue, Team Valley Trading Estate, Gateshead, Tyne and Wear NE26 3HS United Kingdom","","","","","","","","+44 191 4956203","+44 191 4956620","+44 191 3456234","","","","","ajames@uog.com","VP, Finance","Finance","","Public Relations","1947-11-06 00:00:00","","0055e000005DbAMAA0","0","0","0","2021-07-29 09:45:55","0055e000005DbAMAA0","2021-08-16 19:29:58","0055e000005DbAMAA0","2021-08-16 19:29:58","","","","","","","","Pending","000000000000000AAA","","","2","5"
"0035e00000CYYWpAAP","0","","0015e00000EqLg7AAF","Mr.","Tom","Ripley","","","","","","","","","9 Tagore Lane Singapore, Singapore 787472 Singapore","","","","","","","","(650) 450-8810","(650) 450-8820","(650) 345-7636","","","","","tripley@uog.com","Regional General Manager","Executive Team","","Public Relations","1952-01-03 00:00:00","","0055e000005DbAMAA0","0","0","0","2021-07-29 09:45:55","0055e000005DbAMAA0","2021-07-29 09:45:55","0055e000005DbAMAA0","2021-07-29 09:45:55","","","","","","","","Pending","","Primary","","0","0"
"0035e00000CYYWqAAP","0","","0015e00000EqLg7AAF","Ms.","Liz","D'Cruz","","","","","","","","","10 Tagore Lane Singapore, Singapore 787472 Singapore","","","","","","","","(650) 450-8810","(650) 450-8820","(650) 345-6637","","","","","ldcruz@uog.com","VP, Production","Production","","Public Relations","1963-04-15 00:00:00","","0055e000005DbAMAA0","0","0","0","2021-07-29 09:45:55","0055e000005DbAMAA0","2021-07-29 09:45:55","0055e000005DbAMAA0","2021-07-29 09:45:55","","","","","","","","Pending","","Secondary","","0","0"
"0035e00000CYYWrAAP","0","","0015e00000EqLg8AAF","Ms.","Edna","Frank","","","","","","","","","345 Shoreline Park Mountain View, CA 94043 USA","","","","","","","","(650) 867-3450","(650) 867-9895","(650) 867-7686","","","","","efrank@genepoint.com","VP, Technology","Technology","","Partner","1943-09-20 00:00:00","","0055e000005DbAMAA0","0","0","0","2021-07-29 09:45:55","0055e000005DbAMAA0","2021-07-29 09:45:55","0055e000005DbAMAA0","2021-07-29 09:45:55","","","","","","","","Pending","","Primary","","0","0"
"0035e00000CYYWsAAP","0","","0015e00000EqLg3AAF","Mr.","Avi","Green","","","","","","","","","1302 Avenue of the Americas  New York, NY 10019 USA","","","","","","","","(212) 842-5500","(212) 842-5501","(212) 842-2383","","","(212) 842-5428","","agreen@uog.com","CFO","Finance","Chris Nobel","Public Relations","1935-02-07 00:00:00","","0055e000005DbAMAA0","0","0","0","2021-07-29 09:45:55","0055e000005DbAMAA0","2021-07-29 09:45:55","0055e000005DbAMAA0","2021-07-29 09:45:55","","","","","","","","Pending","","Primary","","0","0"
"0035e00000CYYWtAAP","0","","0015e00000EqLg9AAF","Ms.","Siddartha","Nedaerk","","","","","","","","","The Landmark @ One Market","San Francisco","CA","94087","US","","","","","","","","","","","","","","","","","","0055e000005DbAMAA0","0","0","0","2021-07-29 09:45:55","0055e000005DbAMAA0","2021-07-29 09:45:55","0055e000005DbAMAA0","2021-07-29 09:45:55","","","","","","","","Pending","","","","0","0"
"0035e00000CYYWuAAP","0","","0015e00000EqLg9AAF","Mr.","Jake","Llorrac","","","","","","","","","","","","","","","","","","","","","","","","","","","","","","","0055e000005DbAMAA0","0","0","0","2021-07-29 09:45:55","0055e000005DbAMAA0","2021-07-29 09:45:55","0055e000005DbAMAA0","2021-07-29 09:45:55","","","","","","","","Pending","","","","0","0"
"0035e00000EzhTiAAJ","0","","000000000000000AAA","Ms.","Jill","Val","","","","","","","","","","","","","","","","","","","","","","","","","","","","","","","0055e000005DcvFAAS","0","0","0","2021-08-18 13:43:38","0055e000005DcvFAAS","2021-08-18 13:43:38","0055e000005DcvFAAS","2021-08-18 13:43:38","","","","","","","","Pending","000000000000000AAA","","","0","0"
