"Id","IsDeleted","ParentId","ParentSobjectType","CreatedById","CreatedDate","FieldName","DataType","OldvalString","NewvalString","OldvalFirstName","NewvalFirstName","OldvalLastName","NewvalLastName","OldvalNumber","NewvalNumber","OldvalDate","NewvalDate"
"0175e00004FXzPeAAL","0","0685e000002hznVAAQ","ContentVersion","0055e000005DbAMAA0","2021-07-29 09:45:55","content_version_updated","S","","","","","","","","","",""
"0175e00004FXzPfAAL","0","0685e000002hznVAAQ","ContentVersion","0055e000005DbAMAA0","2021-07-29 09:45:55","createText","S","","","","","","","","","",""
"0175e00004FXzPgAAL","0","0695e000002dvkRAAQ","ContentDocument","0055e000005DbAMAA0","2021-07-29 09:45:55","createText","S","","","","","","","","","",""
"0175e00004NPgwwAAD","0","01t5e000002CbxNAAS","Product2","0055e000005DbAMAA0","2021-08-01 20:57:24","createText","S","","","","","","","","","",""
"0175e00004NPiMIAA1","0","a035e000002UzacAAC","CurrentOffer","0055e000005DbAMAA0","2021-08-01 22:47:57","createText","S","","","","","","","","","",""
"0175e00004NPihAAAT","0","a025e000003zNvpAAE","Previously_Sold_Item","0055e000005DbAMAA0","2021-08-01 23:20:11","createText","S","","","","","","","","","",""
"0175e00004NQEgUAAX","0","01t5e000002CcJwAAK","Product2","0055e000005DcvFAAS","2021-08-02 16:23:05","createText","S","","","","","","","","","",""
"0175e00004VpyCvAAJ","0","a025e000003zlG7AAI","Previously_Sold_Item","0055e000005DbAMAA0","2021-08-06 20:33:51","createText","S","","","","","","","","","",""
"0175e00004VpyCwAAJ","0","a015e00000NyDUGAA3","Rating","0055e000005DbAMAA0","2021-08-06 20:33:51","createText","S","","","","","","","","","",""
"0175e00004nHXpgAAG","0","a025e0000040CUHAA2","Previously_Sold_Item","0055e000005DbAMAA0","2021-08-10 22:16:53","createText","S","","","","","","","","","",""
"0175e00004nHXphAAG","0","a015e00000NzXzpAAF","Rating","0055e000005DbAMAA0","2021-08-10 22:16:53","createText","S","","","","","","","","","",""
"0175e00004nJZXSAA4","0","01t5e000002CxKCAA0","Product2","0055e000005DbAMAA0","2021-08-13 20:17:28","createText","S","","","","","","","","","",""
"0175e00004nJZe3AAG","0","01t5e000002CxKRAA0","Product2","0055e000005DbAMAA0","2021-08-13 20:22:52","createText","S","","","","","","","","","",""
"0175e00004nKBa5AAG","0","a015e00000O1QxoAAF","Rating","0055e000005DbAMAA0","2021-08-15 23:47:28","createText","S","","","","","","","","","",""
"0175e0000535zT5AAI","0","01t5e000002w9RdAAI","Product2","0055e000005DbAMAA0","2021-08-16 19:30:22","unlocked","S","","","","","","","","","",""
"0175e0000535zUUAAY","0","01t5e000002w9RdAAI","Product2","0055e000005DbAMAA0","2021-08-16 19:25:11","locked","S","","","","","","","","","",""
"0175e0000535zUVAAY","0","01t5e000002w9RdAAI","Product2","0055e000005DbAMAA0","2021-08-16 19:25:11","createText","S","","","","","","","","","",""
"0175e0000535zdmAAA","0","01t5e000002w9RdAAI","Product2","0055e000005DbAMAA0","2021-08-16 19:25:30","unlocked","S","","","","","","","","","",""
"0175e0000535zkFAAQ","0","01t5e000002w9RdAAI","Product2","0055e000005DbAMAA0","2021-08-16 19:29:58","locked","S","","","","","","","","","",""
"0175e0000535zkGAAQ","0","a025e000007lN2cAAE","Previously_Sold_Item","0055e000005DbAMAA0","2021-08-16 19:29:58","createText","S","","","","","","","","","",""
"0175e0000535zkHAAQ","0","a015e00000Os7BvAAJ","Rating","0055e000005DbAMAA0","2021-08-16 19:29:58","createText","S","","","","","","","","","",""
"0175e00005364GKAAY","0","a035e000002t6XMAAY","CurrentOffer","0055e000005DbAMAA0","2021-08-16 21:48:32","locked","S","","","","","","","","","",""
"0175e00005364GLAAY","0","a035e000002t6XMAAY","CurrentOffer","0055e000005DbAMAA0","2021-08-16 21:48:32","createText","S","","","","","","","","","",""
"0175e0000536w06AAA","0","01t5e000002wDeQAAU","Product2","0055e000005DcvFAAS","2021-08-18 13:24:12","locked","S","","","","","","","","","",""
"0175e0000536w07AAA","0","01t5e000002wDeQAAU","Product2","0055e000005DcvFAAS","2021-08-18 13:24:12","createText","S","","","","","","","","","",""
"0175e0000536wYKAAY","0","a035e000002tAcLAAU","CurrentOffer","0055e000005DcvFAAS","2021-08-18 13:41:31","locked","S","","","","","","","","","",""
"0175e0000536wYLAAY","0","a035e000002tAcLAAU","CurrentOffer","0055e000005DcvFAAS","2021-08-18 13:41:31","createText","S","","","","","","","","","",""
"0175e0000536xHWAAY","0","a035e000002tAa0AAE","CurrentOffer","0055e000005DcvFAAS","2021-08-18 13:18:12","locked","S","","","","","","","","","",""
"0175e0000536xHXAAY","0","a035e000002tAa0AAE","CurrentOffer","0055e000005DcvFAAS","2021-08-18 13:18:12","createText","S","","","","","","","","","",""
"0175e0000536xN0AAI","0","01t5e000002wDeQAAU","Product2","0055e000005DcvFAAS","2021-08-18 13:24:44","unlocked","S","","","","","","","","","",""
"0175e0000536xOxAAI","0","01t5e000002CcJwAAK","Product2","0055e000005DcvFAAS","2021-08-18 13:29:27","locked","S","","","","","","","","","",""
"0175e0000536xOyAAI","0","a025e000007lV3pAAE","Previously_Sold_Item","0055e000005DcvFAAS","2021-08-18 13:29:27","createText","S","","","","","","","","","",""
"0175e0000536xOzAAI","0","a015e00000OsjGQAAZ","Rating","0055e000005DcvFAAS","2021-08-18 13:29:27","createText","S","","","","","","","","","",""
"0175e0000536xeLAAQ","0","01t5e000002wDeQAAU","Product2","0055e000005DcvFAAS","2021-08-18 13:38:50","locked","S","","","","","","","","","",""
"0175e0000536xeMAAQ","0","a025e000007lV49AAE","Previously_Sold_Item","0055e000005DcvFAAS","2021-08-18 13:38:50","createText","S","","","","","","","","","",""
"0175e0000536xeNAAQ","0","a015e00000OsjGVAAZ","Rating","0055e000005DcvFAAS","2021-08-18 13:38:50","createText","S","","","","","","","","","",""
"0175e0000536xphAAA","0","01t5e000002wDekAAE","Product2","0055e000005DcvFAAS","2021-08-18 13:45:28","unlocked","S","","","","","","","","","",""
"0175e0000536xpiAAA","0","01t5e000002wDelAAE","Product2","0055e000005DcvFAAS","2021-08-18 13:46:29","unlocked","S","","","","","","","","","",""
"0175e0000536xrOAAQ","0","01t5e000002wDekAAE","Product2","0055e000005DcvFAAS","2021-08-18 13:44:54","locked","S","","","","","","","","","",""
"0175e0000536xrPAAQ","0","01t5e000002wDekAAE","Product2","0055e000005DcvFAAS","2021-08-18 13:44:54","createText","S","","","","","","","","","",""
"0175e0000536xrRAAQ","0","01t5e000002wDelAAE","Product2","0055e000005DcvFAAS","2021-08-18 13:46:05","locked","S","","","","","","","","","",""
"0175e0000536xrSAAQ","0","01t5e000002wDelAAE","Product2","0055e000005DcvFAAS","2021-08-18 13:46:05","createText","S","","","","","","","","","",""
"0175e00005371b2AAA","0","01t5e000002wDfLAAU","Product2","0055e000005DcvFAAS","2021-08-18 15:34:43","unlocked","S","","","","","","","","","",""
"0175e00005371biAAA","0","a035e000002tAjRAAU","CurrentOffer","0055e000005DcvFAAS","2021-08-18 15:27:17","locked","S","","","","","","","","","",""
"0175e00005371bjAAA","0","a035e000002tAjRAAU","CurrentOffer","0055e000005DcvFAAS","2021-08-18 15:27:17","createText","S","","","","","","","","","",""
"0175e00005372OAAAY","0","01t5e000002wDfGAAU","Product2","0055e000005DcvFAAS","2021-08-18 15:17:00","locked","S","","","","","","","","","",""
"0175e00005372OBAAY","0","01t5e000002wDfGAAU","Product2","0055e000005DcvFAAS","2021-08-18 15:17:00","createText","S","","","","","","","","","",""
"0175e00005372OCAAY","0","a035e000002tAjbAAE","CurrentOffer","0055e000005DcvFAAS","2021-08-18 15:32:14","locked","S","","","","","","","","","",""
"0175e00005372ODAAY","0","a035e000002tAjbAAE","CurrentOffer","0055e000005DcvFAAS","2021-08-18 15:32:14","createText","S","","","","","","","","","",""
"0175e00005372wlAAA","0","a035e000002tAk0AAE","CurrentOffer","0055e000005DcvFAAS","2021-08-18 15:37:27","locked","S","","","","","","","","","",""
"0175e0000537383AAA","0","01t5e000002wDfLAAU","Product2","0055e000005DcvFAAS","2021-08-18 15:35:02","locked","S","","","","","","","","","",""
"0175e00005373GzAAI","0","01t5e000002wDfLAAU","Product2","0055e000005DcvFAAS","2021-08-18 15:34:13","locked","S","","","","","","","","","",""
"0175e00005373H0AAI","0","01t5e000002wDfLAAU","Product2","0055e000005DcvFAAS","2021-08-18 15:34:13","createText","S","","","","","","","","","",""
"0175e00005373IeAAI","0","a025e000007lV7bAAE","Previously_Sold_Item","0055e000005DcvFAAS","2021-08-18 15:35:02","createText","S","","","","","","","","","",""
"0175e00005373IfAAI","0","a015e00000OsjJFAAZ","Rating","0055e000005DcvFAAS","2021-08-18 15:35:02","createText","S","","","","","","","","","",""
"0175e00005373OXAAY","0","a035e000002tAk0AAE","CurrentOffer","0055e000005DcvFAAS","2021-08-18 15:37:27","createText","S","","","","","","","","","",""
"0175e00005FvECzAAN","0","0DM5e000000zA2HGAU","Site","0055e000005DbAMAA0","2021-08-24 21:20:29","SiteNewDomain","S","","codebreakers-developer-edition.na162.force.com/s","","","","","","","",""
"0175e00005FvED0AAN","0","0DM5e000000zA2GGAU","Site","0055e000005DbAMAA0","2021-08-24 21:21:09","createText","S","","","","","","","","","",""
"0175e00005FvED1AAN","0","0DM5e000000zA2GGAU","Site","0055e000005DbAMAA0","2021-08-24 21:21:09","IndexPage","S","UnderConstruction","CommunitiesLanding","","","","","","","",""
"0175e00005FvED2AAN","0","0DM5e000000zA2GGAU","Site","0055e000005DbAMAA0","2021-08-24 21:21:09","IndexPage","Y","0665e00000DTZcB","0665e00000DTZcG","","","","","","","",""
"0175e00005FvED3AAN","0","0DM5e000000zA2HGAU","Site","0055e000005DbAMAA0","2021-08-24 21:21:09","createText","S","","","","","","","","","",""
