"Id","TableEnumOrId","FieldEnumOrId","CreatedById","CreatedDate"
"0G15e000000PoNVCA0","Account","Name","0055e000005DbAMAA0","2021-07-29 09:45:55"
"0G15e000000PoNWCA0","Account","Owner","0055e000005DbAMAA0","2021-07-29 09:45:55"
"0G15e000000PoNXCA0","Account","000000000000000","0055e000005DbAMAA0","2021-07-29 09:45:55"
"0G15e000000PoNYCA0","Contact","Account","0055e000005DbAMAA0","2021-07-29 09:45:55"
"0G15e000000PoNZCA0","Contact","Name","0055e000005DbAMAA0","2021-07-29 09:45:55"
"0G15e000000PoNaCAK","Contact","Owner","0055e000005DbAMAA0","2021-07-29 09:45:55"
"0G15e000000PoNbCAK","Contact","000000000000000","0055e000005DbAMAA0","2021-07-29 09:45:55"
"0G15e000000PoNcCAK","Lead","Name","0055e000005DbAMAA0","2021-07-29 09:45:55"
"0G15e000000PoNdCAK","Lead","Status","0055e000005DbAMAA0","2021-07-29 09:45:55"
"0G15e000000PoNeCAK","Lead","Owner","0055e000005DbAMAA0","2021-07-29 09:45:55"
"0G15e000000PoNfCAK","Lead","000000000000000","0055e000005DbAMAA0","2021-07-29 09:45:55"
"0G15e000000PoNgCAK","Opportunity","Name","0055e000005DbAMAA0","2021-07-29 09:45:55"
"0G15e000000PoNhCAK","Opportunity","StageName","0055e000005DbAMAA0","2021-07-29 09:45:55"
"0G15e000000PoNiCAK","Opportunity","Amount","0055e000005DbAMAA0","2021-07-29 09:45:55"
"0G15e000000PoNjCAK","Opportunity","CloseDate","0055e000005DbAMAA0","2021-07-29 09:45:55"
"0G15e000000PoNkCAK","Opportunity","Owner","0055e000005DbAMAA0","2021-07-29 09:45:55"
"0G15e000000PoNlCAK","Opportunity","000000000000000","0055e000005DbAMAA0","2021-07-29 09:45:55"
"0G15e000000PoNmCAK","Case","Priority","0055e000005DbAMAA0","2021-07-29 09:45:55"
"0G15e000000PoNnCAK","Case","Owner","0055e000005DbAMAA0","2021-07-29 09:45:55"
"0G15e000000PoNoCAK","Case","000000000000000","0055e000005DbAMAA0","2021-07-29 09:45:55"
"0G15e000000PoNpCAK","ContentDocument","000000000000000","0055e000005DbAMAA0","2021-07-29 09:45:55"
"0G15e000000PoNqCAK","CollaborationGroup","Name","0055e000005DbAMAA0","2021-07-29 09:45:55"
"0G15e000000PoNrCAK","CollaborationGroup","Owner","0055e000005DbAMAA0","2021-07-29 09:45:55"
"0G15e000000PoNsCAK","CollaborationGroup","CollaborationType","0055e000005DbAMAA0","2021-07-29 09:45:55"
"0G15e000000PoNtCAK","CollaborationGroup","Description","0055e000005DbAMAA0","2021-07-29 09:45:55"
"0G15e000000PoNuCAK","CollaborationGroup","InformationTitle","0055e000005DbAMAA0","2021-07-29 09:45:55"
"0G15e000000PoNvCAK","CollaborationGroup","InformationBody","0055e000005DbAMAA0","2021-07-29 09:45:55"
"0G15e000000PoNwCAK","CollaborationGroup","CanHaveGuests","0055e000005DbAMAA0","2021-07-29 09:45:55"
"0G15e000000PoNxCAK","CollaborationGroup","000000000000000","0055e000005DbAMAA0","2021-07-29 09:45:55"
"0G15e000000PoNyCAK","Site","000000000000000","0055e000005DbAMAA0","2021-07-29 09:45:55"
"0G15e000000PoNzCAK","Topic","000000000000000","0055e000005DbAMAA0","2021-07-29 09:45:55"
"0G15e000000PoO0CAK","User","Title","0055e000005DbAMAA0","2021-07-29 09:45:55"
"0G15e000000PoO1CAK","User","Address","0055e000005DbAMAA0","2021-07-29 09:45:55"
"0G15e000000PoO2CAK","User","Email","0055e000005DbAMAA0","2021-07-29 09:45:55"
"0G15e000000PoO3CAK","User","Phone","0055e000005DbAMAA0","2021-07-29 09:45:55"
"0G15e000000PoO4CAK","User","Manager","0055e000005DbAMAA0","2021-07-29 09:45:55"
"0G15e000000PoO5CAK","User","AboutMe","0055e000005DbAMAA0","2021-07-29 09:45:55"
"0G15e000000PoO6CAK","User","000000000000000","0055e000005DbAMAA0","2021-07-29 09:45:55"
"0G15e000000PoO7CAK","SOSSession","000000000000000","0055e000005DbAMAA0","2021-07-29 09:45:55"
"0G15e000000PoO8CAK","ProfileSkill","Name","0055e000005DbAMAA0","2021-07-29 09:45:55"
"0G15e000000PoO9CAK","ProfileSkill","Description","0055e000005DbAMAA0","2021-07-29 09:45:55"
"0G15e000000PoOACA0","ProfileSkill","000000000000000","0055e000005DbAMAA0","2021-07-29 09:45:55"
"0G15e000000PoOBCA0","WorkCoaching","000000000000000","0055e000005DbAMAA0","2021-07-29 09:45:55"
"0G15e000000PoOCCA0","WorkGoal","000000000000000","0055e000005DbAMAA0","2021-07-29 09:45:55"
"0G15e000000PoODCA0","Goal","000000000000000","0055e000005DbAMAA0","2021-07-29 09:45:55"
"0G15e000000PoOECA0","Metric","000000000000000","0055e000005DbAMAA0","2021-07-29 09:45:55"
"0G15e000000PoOFCA0","WorkPerformanceCycle","000000000000000","0055e000005DbAMAA0","2021-07-29 09:45:55"
"0G15e000000PoOGCA0","WorkFeedbackRequest","000000000000000","0055e000005DbAMAA0","2021-07-29 09:45:55"
"0G15e000000PoOHCA0","WorkUpgradeAction","000000000000000","0055e000005DbAMAA0","2021-07-29 09:45:55"
"0G15e000000PoOICA0","WorkUpgradeCustomer","000000000000000","0055e000005DbAMAA0","2021-07-29 09:45:55"
"0G15e000000PoOJCA0","Topic","Description","0055e000005DbAMAA0","2021-07-29 09:45:55"
