"Id","TableEnumOrId","FieldEnumOrId","CreatedById","CreatedDate"
"7375e000000wZ4bAAE","Case","Asset","0055e000005DbAMAA0","2021-07-29 09:45:55"
"7375e000000wZ4cAAE","Case","Contact","0055e000005DbAMAA0","2021-07-29 09:45:55"
"7375e000000wZ4dAAE","Case","CurrencyIsoCode","0055e000005DbAMAA0","2021-07-29 09:45:55"
"7375e000000wZ4eAAE","Case","Description","0055e000005DbAMAA0","2021-07-29 09:45:55"
"7375e000000wZ4fAAE","Case","IsVisibleInSelfService","0055e000005DbAMAA0","2021-07-29 09:45:55"
"7375e000000wZ4gAAE","Case","Origin","0055e000005DbAMAA0","2021-07-29 09:45:55"
"7375e000000wZ4hAAE","Case","Owner","0055e000005DbAMAA0","2021-07-29 09:45:55"
"7375e000000wZ4iAAE","Case","Priority","0055e000005DbAMAA0","2021-07-29 09:45:55"
"7375e000000wZ4jAAE","Case","Reason","0055e000005DbAMAA0","2021-07-29 09:45:55"
"7375e000000wZ4kAAE","Case","RecordType","0055e000005DbAMAA0","2021-07-29 09:45:55"
"7375e000000wZ4lAAE","Case","Status","0055e000005DbAMAA0","2021-07-29 09:45:55"
"7375e000000wZ4mAAE","Case","Subject","0055e000005DbAMAA0","2021-07-29 09:45:55"
"7375e000000wZ4nAAE","Case","Type","0055e000005DbAMAA0","2021-07-29 09:45:55"
"7375e000000wZ4oAAE","Contract","Account","0055e000005DbAMAA0","2021-07-29 09:45:55"
"7375e000000wZ4pAAE","Contract","AutoRenewCode","0055e000005DbAMAA0","2021-07-29 09:45:55"
"7375e000000wZ4qAAE","Contract","BankAccountName","0055e000005DbAMAA0","2021-07-29 09:45:55"
"7375e000000wZ4rAAE","Contract","BankAccountNumber","0055e000005DbAMAA0","2021-07-29 09:45:55"
"7375e000000wZ4sAAE","Contract","BankAccountType","0055e000005DbAMAA0","2021-07-29 09:45:55"
"7375e000000wZ4tAAE","Contract","BankAddress","0055e000005DbAMAA0","2021-07-29 09:45:55"
"7375e000000wZ4uAAE","Contract","BankBranchCode","0055e000005DbAMAA0","2021-07-29 09:45:55"
"7375e000000wZ4vAAE","Contract","BankCode","0055e000005DbAMAA0","2021-07-29 09:45:55"
"7375e000000wZ4wAAE","Contract","BankName","0055e000005DbAMAA0","2021-07-29 09:45:55"
"7375e000000wZ4xAAE","Contract","BankReferenceNumber","0055e000005DbAMAA0","2021-07-29 09:45:55"
"7375e000000wZ4yAAE","Contract","BillingAddress","0055e000005DbAMAA0","2021-07-29 09:45:55"
"7375e000000wZ4zAAE","Contract","BillingCompany","0055e000005DbAMAA0","2021-07-29 09:45:55"
"7375e000000wZ50AAE","Contract","BillingEmail","0055e000005DbAMAA0","2021-07-29 09:45:55"
"7375e000000wZ51AAE","Contract","BillingFax","0055e000005DbAMAA0","2021-07-29 09:45:55"
"7375e000000wZ52AAE","Contract","BillingLanguage","0055e000005DbAMAA0","2021-07-29 09:45:55"
"7375e000000wZ53AAE","Contract","BillingName","0055e000005DbAMAA0","2021-07-29 09:45:55"
"7375e000000wZ54AAE","Contract","BillingPhone","0055e000005DbAMAA0","2021-07-29 09:45:55"
"7375e000000wZ55AAE","Contract","CompanySigned","0055e000005DbAMAA0","2021-07-29 09:45:55"
"7375e000000wZ56AAE","Contract","CompanySignedDate","0055e000005DbAMAA0","2021-07-29 09:45:55"
"7375e000000wZ57AAE","Contract","ContractTerm","0055e000005DbAMAA0","2021-07-29 09:45:55"
"7375e000000wZ58AAE","Contract","CreditCardExpirationDate","0055e000005DbAMAA0","2021-07-29 09:45:55"
"7375e000000wZ59AAE","Contract","CreditCardNumber","0055e000005DbAMAA0","2021-07-29 09:45:55"
"7375e000000wZ5AAAU","Contract","CreditCardType","0055e000005DbAMAA0","2021-07-29 09:45:55"
"7375e000000wZ5BAAU","Contract","CurrencyIsoCode","0055e000005DbAMAA0","2021-07-29 09:45:55"
"7375e000000wZ5CAAU","Contract","CustomerExpirationNotice","0055e000005DbAMAA0","2021-07-29 09:45:55"
"7375e000000wZ5DAAU","Contract","CustomerSigned","0055e000005DbAMAA0","2021-07-29 09:45:55"
"7375e000000wZ5EAAU","Contract","CustomerSignedDate","0055e000005DbAMAA0","2021-07-29 09:45:55"
"7375e000000wZ5FAAU","Contract","CustomerSignedTitle","0055e000005DbAMAA0","2021-07-29 09:45:55"
"7375e000000wZ5GAAU","Contract","Description","0055e000005DbAMAA0","2021-07-29 09:45:55"
"7375e000000wZ5HAAU","Contract","EndDate","0055e000005DbAMAA0","2021-07-29 09:45:55"
"7375e000000wZ5IAAU","Contract","InvoiceDispatchMethod","0055e000005DbAMAA0","2021-07-29 09:45:55"
"7375e000000wZ5JAAU","Contract","IsDunningSuppressed","0055e000005DbAMAA0","2021-07-29 09:45:55"
"7375e000000wZ5KAAU","Contract","Name","0055e000005DbAMAA0","2021-07-29 09:45:55"
"7375e000000wZ5LAAU","Contract","NameOnCreditCard","0055e000005DbAMAA0","2021-07-29 09:45:55"
"7375e000000wZ5MAAU","Contract","OfferExpirationDate","0055e000005DbAMAA0","2021-07-29 09:45:55"
"7375e000000wZ5NAAU","Contract","OrderPrebillDays","0055e000005DbAMAA0","2021-07-29 09:45:55"
"7375e000000wZ5OAAU","Contract","Owner","0055e000005DbAMAA0","2021-07-29 09:45:55"
"7375e000000wZ5PAAU","Contract","OwnerExpirationNotice","0055e000005DbAMAA0","2021-07-29 09:45:55"
"7375e000000wZ5QAAU","Contract","PaymentTerm","0055e000005DbAMAA0","2021-07-29 09:45:55"
"7375e000000wZ5RAAU","Contract","PaymentType","0055e000005DbAMAA0","2021-07-29 09:45:55"
"7375e000000wZ5SAAU","Contract","Pricebook2","0055e000005DbAMAA0","2021-07-29 09:45:55"
"7375e000000wZ5TAAU","Contract","RecordType","0055e000005DbAMAA0","2021-07-29 09:45:55"
"7375e000000wZ5UAAU","Contract","RenewalDays","0055e000005DbAMAA0","2021-07-29 09:45:55"
"7375e000000wZ5VAAU","Contract","RenewalTerm","0055e000005DbAMAA0","2021-07-29 09:45:55"
"7375e000000wZ5WAAU","Contract","Salesrep1","0055e000005DbAMAA0","2021-07-29 09:45:55"
"7375e000000wZ5XAAU","Contract","Salesrep1Percent","0055e000005DbAMAA0","2021-07-29 09:45:55"
"7375e000000wZ5YAAU","Contract","Salesrep2","0055e000005DbAMAA0","2021-07-29 09:45:55"
"7375e000000wZ5ZAAU","Contract","Salesrep2Percent","0055e000005DbAMAA0","2021-07-29 09:45:55"
"7375e000000wZ5aAAE","Contract","Salesrep3","0055e000005DbAMAA0","2021-07-29 09:45:55"
"7375e000000wZ5bAAE","Contract","Salesrep3Percent","0055e000005DbAMAA0","2021-07-29 09:45:55"
"7375e000000wZ5cAAE","Contract","ShippingAddress","0055e000005DbAMAA0","2021-07-29 09:45:55"
"7375e000000wZ5dAAE","Contract","SpecialTerms","0055e000005DbAMAA0","2021-07-29 09:45:55"
"7375e000000wZ5eAAE","Contract","StartDate","0055e000005DbAMAA0","2021-07-29 09:45:55"
"7375e000000wZ5fAAE","Contract","Status","0055e000005DbAMAA0","2021-07-29 09:45:55"
"7375e000000wZ5gAAE","Contract","TaxExemptionCode","0055e000005DbAMAA0","2021-07-29 09:45:55"
"7375e000000wZ5hAAE","Order","BillToContact","0055e000005DbAMAA0","2021-07-29 09:45:55"
"7375e000000wZ5iAAE","Order","BillingAddress","0055e000005DbAMAA0","2021-07-29 09:45:55"
"7375e000000wZ5jAAE","Order","CompanyAuthorizedBy","0055e000005DbAMAA0","2021-07-29 09:45:55"
"7375e000000wZ5kAAE","Order","CompanyAuthorizedDate","0055e000005DbAMAA0","2021-07-29 09:45:55"
"7375e000000wZ5lAAE","Order","CustomerAuthorizedBy","0055e000005DbAMAA0","2021-07-29 09:45:55"
"7375e000000wZ5mAAE","Order","CustomerAuthorizedDate","0055e000005DbAMAA0","2021-07-29 09:45:55"
"7375e000000wZ5nAAE","Order","Description","0055e000005DbAMAA0","2021-07-29 09:45:55"
"7375e000000wZ5oAAE","Order","EffectiveDate","0055e000005DbAMAA0","2021-07-29 09:45:55"
"7375e000000wZ5qAAE","Order","Name","0055e000005DbAMAA0","2021-07-29 09:45:55"
"7375e000000wZ5sAAE","Order","OrderReferenceNumber","0055e000005DbAMAA0","2021-07-29 09:45:55"
"7375e000000wZ5tAAE","Order","PoDate","0055e000005DbAMAA0","2021-07-29 09:45:55"
"7375e000000wZ5uAAE","Order","PoNumber","0055e000005DbAMAA0","2021-07-29 09:45:55"
"7375e000000wZ5wAAE","Order","ShipToContact","0055e000005DbAMAA0","2021-07-29 09:45:55"
"7375e000000wZ5xAAE","Order","ShippingAddress","0055e000005DbAMAA0","2021-07-29 09:45:55"
"7375e000000wZ5yAAE","Order","Status","0055e000005DbAMAA0","2021-07-29 09:45:55"
"7375e000000wZ5zAAE","Order","TotalAmount","0055e000005DbAMAA0","2021-07-29 09:45:55"
"7375e000000wZ60AAE","Order","Type","0055e000005DbAMAA0","2021-07-29 09:45:55"
"7375e000000wZ61AAE","Solution","CurrencyIsoCode","0055e000005DbAMAA0","2021-07-29 09:45:55"
"7375e000000wZ62AAE","Solution","IsPublished","0055e000005DbAMAA0","2021-07-29 09:45:55"
"7375e000000wZ63AAE","Solution","IsPublishedInPublicKb","0055e000005DbAMAA0","2021-07-29 09:45:55"
"7375e000000wZ64AAE","Solution","Owner","0055e000005DbAMAA0","2021-07-29 09:45:55"
"7375e000000wZ65AAE","Solution","RecordType","0055e000005DbAMAA0","2021-07-29 09:45:55"
"7375e000000wZ66AAE","Solution","SolutionName","0055e000005DbAMAA0","2021-07-29 09:45:55"
"7375e000000wZ67AAE","Solution","SolutionNote","0055e000005DbAMAA0","2021-07-29 09:45:55"
"7375e000000wZ68AAE","Solution","Status","0055e000005DbAMAA0","2021-07-29 09:45:55"
