"Id","IsDeleted","AccountId","IsPrivate","Name","Description","StageName","StageSortOrder","Amount","Probability","ExpectedRevenue","TotalOpportunityQuantity","CloseDate","Type","NextStep","LeadSource","IsClosed","IsWon","ForecastCategory","ForecastCategoryName","CampaignId","HasOpportunityLineItem","Pricebook2Id","OwnerId","CreatedDate","CreatedById","LastModifiedDate","LastModifiedById","SystemModstamp","LastActivityDate","LastStageChangeDate","FiscalYear","FiscalQuarter","ContactId","PrimaryPartnerAccountId","PartnerAccountId","ContractId","LastAmountChangedHistoryId","LastCloseDateChangedHistoryId","DeliveryInstallationStatus__c","TrackingNumber__c","OrderNumber__c","CurrentGenerators__c","MainCompetitors__c"
"0065e000006lwTPAAY","0","0015e00000EqLg1AAF","0","Dickenson Mobile Generators","","Qualification","2","15000","10","1500","","2019-07-08 00:00:00","New Customer","","Purchased List","0","0","Pipeline","Pipeline","000000000000000AAA","","","0055e000005DbAMAA0","2021-07-29 09:45:55","0055e000005DbAMAA0","2021-07-29 09:45:55","0055e000005DbAMAA0","2021-07-29 09:45:55","","","2007","3","000000000000000AAA","","","","","","","","","","Honda"
"0065e000006lwTQAAY","0","0015e00000EqLg3AAF","0","United Oil Office Portable Generators","","Negotiation/Review","8","125000","90","112500","","2019-07-08 00:00:00","Existing Customer - Upgrade","","","0","0","Pipeline","Pipeline","000000000000000AAA","","","0055e000005DbAMAA0","2021-07-29 09:45:55","0055e000005DbAMAA0","2021-07-29 09:45:55","0055e000005DbAMAA0","2021-07-29 09:45:55","","","2007","3","000000000000000AAA","","","","","","","","","Yamaha","Yamaha"
"0065e000006lwTRAAY","0","0015e00000EqLg4AAF","0","Express Logistics Standby Generator","","Closed Won","9","220000","100","220000","","2019-07-08 00:00:00","New Customer","","Trade Show","1","1","Closed","Closed","000000000000000AAA","","","0055e000005DbAMAA0","2021-07-29 09:45:55","0055e000005DbAMAA0","2021-07-29 09:45:55","0055e000005DbAMAA0","2021-07-29 09:45:55","","","2007","3","000000000000000AAA","","","","","","","830150301420","653276","Hawkpower","Fujitsu"
"0065e000006lwTSAAY","0","0015e00000EqLg8AAF","0","GenePoint Standby Generator","","Closed Won","9","85000","100","85000","","2019-07-08 00:00:00","New Customer","","Partner","1","1","Closed","Closed","000000000000000AAA","","","0055e000005DbAMAA0","2021-07-29 09:45:55","0055e000005DbAMAA0","2021-07-29 09:45:55","0055e000005DbAMAA0","2021-07-29 09:45:55","","","2007","3","000000000000000AAA","","","","","","Completed","830150301420","908676","Honda","Honda"
"0065e000006lwTTAAY","0","0015e00000EqLg2AAF","0","Grand Hotels Kitchen Generator","","Id. Decision Makers","5","15000","60","9000","","2019-07-08 00:00:00","Existing Customer - Upgrade","","","0","0","Pipeline","Pipeline","000000000000000AAA","","","0055e000005DbAMAA0","2021-07-29 09:45:55","0055e000005DbAMAA0","2021-07-29 09:45:55","0055e000005DbAMAA0","2021-07-29 09:45:55","","","2007","3","000000000000000AAA","","","","","","Yet to begin","","","John Deere","Fujitsu, Hawkpower"
"0065e000006lwTUAAY","0","0015e00000EqLg3AAF","0","United Oil Refinery Generators","","Proposal/Price Quote","7","270000","75","202500","","2019-07-08 00:00:00","Existing Customer - Upgrade","","","0","0","Pipeline","Pipeline","000000000000000AAA","","","0055e000005DbAMAA0","2021-07-29 09:45:55","0055e000005DbAMAA0","2021-07-29 09:45:55","0055e000005DbAMAA0","2021-07-29 09:45:55","","","2007","3","000000000000000AAA","","","","","","Yet to begin","","","Caterpillar","John Deere"
"0065e000006lwTVAAY","0","0015e00000EqLg3AAF","0","United Oil SLA","","Closed Won","9","120000","100","120000","","2019-07-08 00:00:00","Existing Customer - Upgrade","","Partner","1","1","Closed","Closed","000000000000000AAA","","","0055e000005DbAMAA0","2021-07-29 09:45:55","0055e000005DbAMAA0","2021-07-29 09:45:55","0055e000005DbAMAA0","2021-07-29 09:45:55","","","2007","3","000000000000000AAA","","","","","","In progress","","926363","",""
"0065e000006lwTWAAY","0","0015e00000EqLg2AAF","0","Grand Hotels Guest Portable Generators","","Value Proposition","4","250000","50","125000","","2019-07-08 00:00:00","Existing Customer - Upgrade","","Employee Referral","0","0","Pipeline","Pipeline","000000000000000AAA","","","0055e000005DbAMAA0","2021-07-29 09:45:55","0055e000005DbAMAA0","2021-07-29 09:45:55","0055e000005DbAMAA0","2021-07-29 09:45:55","","","2007","3","000000000000000AAA","","","","","","Yet to begin","","","Honda","Honda"
"0065e000006lwTXAAY","0","0015e00000EqLfyAAF","0","Edge Emergency Generator","","Closed Won","9","75000","100","75000","","2019-07-08 00:00:00","New Customer","","Word of mouth","1","1","Closed","Closed","000000000000000AAA","","","0055e000005DbAMAA0","2021-07-29 09:45:55","0055e000005DbAMAA0","2021-07-29 09:45:55","0055e000005DbAMAA0","2021-07-29 09:45:55","","","2007","3","000000000000000AAA","","","","","","Completed","830150301420","731645","John Deere","John Deere"
"0065e000006lwTYAAY","0","0015e00000EqLg5AAF","0","University of AZ Portable Generators","","Closed Won","9","50000","100","50000","","2019-07-08 00:00:00","New Customer","","Public Relations","1","1","Closed","Closed","000000000000000AAA","","","0055e000005DbAMAA0","2021-07-29 09:45:55","0055e000005DbAMAA0","2021-07-29 09:45:55","0055e000005DbAMAA0","2021-07-29 09:45:55","","","2007","3","000000000000000AAA","","","","","","Completed","830150301360","768934","Mitsubishi","Honda, Mitsubishi"
"0065e000006lwTZAAY","0","0015e00000EqLg0AAF","0","Pyramid Emergency Generators","","Prospecting","1","100000","10","10000","","2019-07-08 00:00:00","","","Phone Inquiry","0","0","Pipeline","Pipeline","000000000000000AAA","","","0055e000005DbAMAA0","2021-07-29 09:45:55","0055e000005DbAMAA0","2021-07-29 09:45:55","0055e000005DbAMAA0","2021-07-29 09:45:55","","","2007","3","000000000000000AAA","","","","","","","","","",""
"0065e000006lwTaAAI","0","0015e00000EqLg4AAF","0","Express Logistics Portable Truck Generators","","Value Proposition","4","80000","50","40000","","2019-07-08 00:00:00","Existing Customer - Upgrade","","External Referral","0","0","Pipeline","Pipeline","000000000000000AAA","","","0055e000005DbAMAA0","2021-07-29 09:45:55","0055e000005DbAMAA0","2021-07-29 09:45:55","0055e000005DbAMAA0","2021-07-29 09:45:55","","","2007","3","000000000000000AAA","","","","","","Yet to begin","","","Fujitsu","Honda"
"0065e000006lwTbAAI","0","0015e00000EqLg8AAF","0","GenePoint Lab Generators","","Id. Decision Makers","5","60000","60","36000","","2019-07-08 00:00:00","","","","0","0","Pipeline","Pipeline","000000000000000AAA","","","0055e000005DbAMAA0","2021-07-29 09:45:55","0055e000005DbAMAA0","2021-07-29 09:45:55","0055e000005DbAMAA0","2021-07-29 09:45:55","","","2007","3","000000000000000AAA","","","","","","Yet to begin","","","Hawkpower, Fujitsu","Hawkpower"
"0065e000006lwTcAAI","0","0015e00000EqLg8AAF","0","GenePoint SLA","","Closed Won","9","30000","100","30000","","2019-07-08 00:00:00","Existing Customer - Upgrade","","Partner","1","1","Closed","Closed","000000000000000AAA","","","0055e000005DbAMAA0","2021-07-29 09:45:55","0055e000005DbAMAA0","2021-07-29 09:45:55","0055e000005DbAMAA0","2021-07-29 09:45:55","","","2007","3","000000000000000AAA","","","","","","In progress","","546512","",""
"0065e000006lwTdAAI","0","0015e00000EqLg3AAF","0","United Oil Installations","","Negotiation/Review","8","270000","90","243000","","2019-07-08 00:00:00","Existing Customer - Upgrade","","","0","0","Pipeline","Pipeline","000000000000000AAA","","","0055e000005DbAMAA0","2021-07-29 09:45:55","0055e000005DbAMAA0","2021-07-29 09:45:55","0055e000005DbAMAA0","2021-07-29 09:45:55","","","2007","3","000000000000000AAA","","","","","","Yet to begin","","","",""
"0065e000006lwTeAAI","0","0015e00000EqLfyAAF","0","Edge Installation","","Closed Won","9","50000","100","50000","","2019-07-08 00:00:00","Existing Customer - Upgrade","","Word of mouth","1","1","Closed","Closed","000000000000000AAA","","","0055e000005DbAMAA0","2021-07-29 09:45:55","0055e000005DbAMAA0","2021-07-29 09:45:55","0055e000005DbAMAA0","2021-07-29 09:45:55","","","2007","3","000000000000000AAA","","","","","","Completed","","835178","",""
"0065e000006lwTfAAI","0","0015e00000EqLfyAAF","0","Edge SLA","","Closed Won","9","60000","100","60000","","2019-07-08 00:00:00","Existing Customer - Upgrade","","Word of mouth","1","1","Closed","Closed","000000000000000AAA","","","0055e000005DbAMAA0","2021-07-29 09:45:55","0055e000005DbAMAA0","2021-07-29 09:45:55","0055e000005DbAMAA0","2021-07-29 09:45:55","","","2007","3","000000000000000AAA","","","","","","","","847564","",""
"0065e000006lwTgAAI","0","0015e00000EqLg3AAF","0","United Oil Installations","","Closed Won","9","270000","100","270000","","2019-07-08 00:00:00","Existing Customer - Upgrade","","Partner","1","1","Closed","Closed","000000000000000AAA","","","0055e000005DbAMAA0","2021-07-29 09:45:55","0055e000005DbAMAA0","2021-07-29 09:45:55","0055e000005DbAMAA0","2021-07-29 09:45:55","","","2007","3","000000000000000AAA","","","","","","In progress","","427609","",""
"0065e000006lwThAAI","0","0015e00000EqLg2AAF","0","Grand Hotels Generator Installations","","Closed Won","9","350000","100","350000","","2019-07-08 00:00:00","Existing Customer - Upgrade","","External Referral","1","1","Closed","Closed","000000000000000AAA","","","0055e000005DbAMAA0","2021-07-29 09:45:55","0055e000005DbAMAA0","2021-07-29 09:45:55","0055e000005DbAMAA0","2021-07-29 09:45:55","","","2007","3","000000000000000AAA","","","","","","Completed","","763546","",""
"0065e000006lwTiAAI","0","0015e00000EqLg3AAF","0","United Oil Refinery Generators","","Closed Won","9","915000","100","915000","","2019-07-08 00:00:00","New Customer","","Partner","1","1","Closed","Closed","000000000000000AAA","","","0055e000005DbAMAA0","2021-07-29 09:45:55","0055e000005DbAMAA0","2021-07-29 09:45:55","0055e000005DbAMAA0","2021-07-29 09:45:55","","","2007","3","000000000000000AAA","","","","","","Completed","830150301360","744343","John Deere","John Deere, Mitsubishi, Hawkpower"
"0065e000006lwTjAAI","0","0015e00000EqLg5AAF","0","University of AZ Installations","","Proposal/Price Quote","7","100000","75","75000","","2019-07-08 00:00:00","Existing Customer - Upgrade","","Employee Referral","0","0","Pipeline","Pipeline","000000000000000AAA","","","0055e000005DbAMAA0","2021-07-29 09:45:55","0055e000005DbAMAA0","2021-07-29 09:45:55","0055e000005DbAMAA0","2021-07-29 09:45:55","","","2007","3","000000000000000AAA","","","","","","Yet to begin","","","",""
"0065e000006lwTkAAI","0","0015e00000EqLg4AAF","0","Express Logistics SLA","","Perception Analysis","6","120000","70","84000","","2019-07-08 00:00:00","Existing Customer - Upgrade","","External Referral","0","0","Pipeline","Pipeline","000000000000000AAA","","","0055e000005DbAMAA0","2021-07-29 09:45:55","0055e000005DbAMAA0","2021-07-29 09:45:55","0055e000005DbAMAA0","2021-07-29 09:45:55","","","2007","3","000000000000000AAA","","","","","","In progress","","","",""
"0065e000006lwTlAAI","0","0015e00000EqLg5AAF","0","University of AZ SLA","","Closed Won","9","90000","100","90000","","2019-07-08 00:00:00","Existing Customer - Upgrade","","Public Relations","1","1","Closed","Closed","000000000000000AAA","","","0055e000005DbAMAA0","2021-07-29 09:45:55","0055e000005DbAMAA0","2021-07-29 09:45:55","0055e000005DbAMAA0","2021-07-29 09:45:55","","","2007","3","000000000000000AAA","","","","","","In progress","","654985","",""
"0065e000006lwTmAAI","0","0015e00000EqLfzAAF","0","Burlington Textiles Weaving Plant Generator","","Closed Won","9","235000","100","235000","","2019-07-08 00:00:00","New Customer","","Web","1","1","Closed","Closed","000000000000000AAA","","","0055e000005DbAMAA0","2021-07-29 09:45:55","0055e000005DbAMAA0","2021-07-29 09:45:55","0055e000005DbAMAA0","2021-07-29 09:45:55","","","2007","3","000000000000000AAA","","","","","","Yet to begin","830150301360","645612","John Deere","John Deere"
"0065e000006lwTnAAI","0","0015e00000EqLg3AAF","0","United Oil Installations","","Closed Won","9","235000","100","235000","","2019-07-08 00:00:00","Existing Customer - Upgrade","","External Referral","1","1","Closed","Closed","000000000000000AAA","","","0055e000005DbAMAA0","2021-07-29 09:45:55","0055e000005DbAMAA0","2021-07-29 09:45:55","0055e000005DbAMAA0","2021-07-29 09:45:55","","","2007","3","000000000000000AAA","","","","","","In progress","","554821","",""
"0065e000006lwToAAI","0","0015e00000EqLg3AAF","0","United Oil Emergency Generators","","Closed Won","9","440000","100","440000","","2019-07-08 00:00:00","Existing Customer - Upgrade","","External Referral","1","1","Closed","Closed","000000000000000AAA","","","0055e000005DbAMAA0","2021-07-29 09:45:55","0055e000005DbAMAA0","2021-07-29 09:45:55","0055e000005DbAMAA0","2021-07-29 09:45:55","","","2007","3","000000000000000AAA","","","","","","Completed","830150301420","847324","Fujitsu","Honda, Mitsubishi"
"0065e000006lwTpAAI","0","0015e00000EqLg2AAF","0","Grand Hotels SLA","","Closed Won","9","90000","100","90000","","2019-07-08 00:00:00","Existing Customer - Upgrade","","External Referral","1","1","Closed","Closed","000000000000000AAA","","","0055e000005DbAMAA0","2021-07-29 09:45:55","0055e000005DbAMAA0","2021-07-29 09:45:55","0055e000005DbAMAA0","2021-07-29 09:45:55","","","2007","3","000000000000000AAA","","","","","","In progress","","254676","",""
"0065e000006lwTqAAI","0","0015e00000EqLg3AAF","0","United Oil Standby Generators","","Closed Won","9","120000","100","120000","","2019-07-08 00:00:00","Existing Customer - Upgrade","","External Referral","1","1","Closed","Closed","000000000000000AAA","","","0055e000005DbAMAA0","2021-07-29 09:45:55","0055e000005DbAMAA0","2021-07-29 09:45:55","0055e000005DbAMAA0","2021-07-29 09:45:55","","","2007","3","000000000000000AAA","","","","","","","830150301360","525476","John Deere","John Deere, Mitsubishi, Hawkpower"
"0065e000006lwTrAAI","0","0015e00000EqLg2AAF","0","Grand Hotels Emergency Generators","","Closed Won","9","210000","100","210000","","2019-07-08 00:00:00","New Customer","","External Referral","1","1","Closed","Closed","000000000000000AAA","","","0055e000005DbAMAA0","2021-07-29 09:45:55","0055e000005DbAMAA0","2021-07-29 09:45:55","0055e000005DbAMAA0","2021-07-29 09:45:55","","","2007","3","000000000000000AAA","","","","","","Completed","830150301360","387624","Fujitsu","Caterpillar"
"0065e000006lwTsAAI","0","0015e00000EqLg3AAF","0","United Oil Plant Standby Generators","","Needs Analysis","3","675000","20","135000","","2019-07-08 00:00:00","Existing Customer - Upgrade","","","0","0","Pipeline","Pipeline","000000000000000AAA","","","0055e000005DbAMAA0","2021-07-29 09:45:55","0055e000005DbAMAA0","2021-07-29 09:45:55","0055e000005DbAMAA0","2021-07-29 09:45:55","","","2007","3","000000000000000AAA","","","","","","","","","Caterpillar","Caterpillar, Mitsubishi, Hawkpower"
"0065e000006lwTtAAI","0","0015e00000EqLfyAAF","0","Edge Emergency Generator","","Id. Decision Makers","5","35000","60","21000","","2019-07-08 00:00:00","Existing Customer - Replacement","","","0","0","Pipeline","Pipeline","000000000000000AAA","","","0055e000005DbAMAA0","2021-07-29 09:45:55","0055e000005DbAMAA0","2021-07-29 09:45:55","0055e000005DbAMAA0","2021-07-29 09:45:55","","","2007","3","000000000000000AAA","","","","","","","","","","John Deere, Mitsubishi, Hawkpower"
