"Id","IsDeleted","Name","CreatedDate","CreatedById","LastModifiedDate","LastModifiedById","SystemModstamp","LastActivityDate","Total_Sold_Items__c","Contact__c","RatingNumber__c","Product__c"
"a025e000003zNvpAAE","0","Computer","2021-08-01 23:20:11","0055e000005DbAMAA0","2021-08-18 15:35:40","0055e000005DcvFAAS","2021-08-18 15:35:40","","IT-001","0035e00000CDrnSAAT","5","01t5e000002CbxNAAS"
"a025e000003zlG7AAI","0","ExampleTrigger","2021-08-06 20:33:51","0055e000005DbAMAA0","2021-08-18 15:35:40","0055e000005DcvFAAS","2021-08-18 15:35:40","","IT-003","0035e00000CYYWoAAP","5",""
"a025e0000040CUHAA2","0","testItemVideo","2021-08-10 22:16:53","0055e000005DbAMAA0","2021-08-18 15:35:40","0055e000005DcvFAAS","2021-08-18 15:35:40","","IT-008","0035e00000CDrnSAAT","9",""
"a025e000007lN2cAAE","0","TestFlow","2021-08-16 19:29:58","0055e000005DbAMAA0","2021-08-18 15:35:40","0055e000005DcvFAAS","2021-08-18 15:35:40","","IT-009","0035e00000CYYWoAAP","","01t5e000002w9RdAAI"
"a025e000007lV3pAAE","0","SampleOther","2021-08-18 13:29:27","0055e000005DcvFAAS","2021-08-18 15:35:40","0055e000005DcvFAAS","2021-08-18 15:35:40","","IT-010","0035e00000CE1OoAAL","5","01t5e000002CcJwAAK"
"a025e000007lV49AAE","0","Computer","2021-08-18 13:38:50","0055e000005DcvFAAS","2021-08-18 15:35:40","0055e000005DcvFAAS","2021-08-18 15:35:40","","IT-011","0035e00000CE1OoAAL","10","01t5e000002wDeQAAU"
"a025e000007lV7bAAE","0","TestCar","2021-08-18 15:35:02","0055e000005DcvFAAS","2021-08-18 15:35:40","0055e000005DcvFAAS","2021-08-18 15:35:40","","IT-012","0035e00000CE1OoAAL","6","01t5e000002wDfLAAU"
