"Id","ProcessInstanceId","ProcessTransitionId","StepStatus","OriginalActorId","ActorId","RemindersSent","Comments","StepVersion","OverallStatus","StepNodeId","ElapsedTimeInDays","CreatedDate","CreatedById","SystemModstamp"
"04h5e000000XhorAAC","04g5e000000hNOEAA2","04c5e000000xYA1AAM","Started","0055e000005DbAMAA0","0055e000005DbAMAA0","0","","1","Started","000000000000000AAA","","2021-08-15 20:06:13","0055e000005DbAMAA0","2021-08-15 20:06:13"
"04h5e000000XhowAAC","04g5e000000hNOEAA2","04c5e000000xYA8AAM","Approved","0055e000005DbAMAA0","0055e000005DbAMAA0","0","","2","Approved","04b5e000000x2FSAAY",".00041846064814814816","2021-08-15 20:06:49","0055e000005DbAMAA0","2021-08-15 20:06:49"
"04h5e000002CYVZAA4","04g5e0000029tONAAY","04c5e000000xYA1AAM","Started","0055e000005DbAMAA0","0055e000005DbAMAA0","0","","1","Started","000000000000000AAA","","2021-08-16 19:25:11","0055e000005DbAMAA0","2021-08-16 19:25:11"
"04h5e000002CYVeAAO","04g5e0000029tONAAY","04c5e000000xYA8AAM","Approved","0055e000005DbAMAA0","0055e000005DbAMAA0","0","","2","Approved","04b5e000000x2FSAAY",".0002297800925925926","2021-08-16 19:25:30","0055e000005DbAMAA0","2021-08-16 19:25:30"
"04h5e000002CYVjAAO","04g5e0000029tOSAAY","04c5e000000xYA1AAM","Started","0055e000005DbAMAA0","0055e000005DbAMAA0","0","","1","Started","000000000000000AAA","","2021-08-16 19:29:58","0055e000005DbAMAA0","2021-08-16 19:29:58"
"04h5e000002CYVoAAO","04g5e0000029tOSAAY","04c5e000000xYA8AAM","Approved","0055e000005DbAMAA0","0055e000005DbAMAA0","0","","2","Approved","04b5e000000x2FSAAY",".0002828472222222222","2021-08-16 19:30:22","0055e000005DbAMAA0","2021-08-16 19:30:22"
"04h5e000002CYWIAA4","04g5e0000029tXHAAY","04c5e000001dkJ9AAI","Started","0055e000005DbAMAA0","0055e000005DbAMAA0","0","","1","Started","000000000000000AAA","","2021-08-16 21:48:32","0055e000005DbAMAA0","2021-08-16 21:48:32"
"04h5e000002CYeWAAW","04g5e0000029uThAAI","04c5e000001dkJ9AAI","Started","0055e000005DcvFAAS","0055e000005DcvFAAS","0","","1","Started","000000000000000AAA","","2021-08-18 13:18:11","0055e000005DcvFAAS","2021-08-18 13:18:11"
"04h5e000002CYebAAG","04g5e0000029uThAAI","04c5e000001dkJGAAY","Approved","0055e000005DcvFAAS","0055e000005DcvFAAS","0","","2","Approved","04b5e000000R6eTAAS",".003584988425925926","2021-08-18 13:23:20","0055e000005DcvFAAS","2021-08-18 13:23:20"
"04h5e000002CYecAAG","04g5e0000029uTrAAI","04c5e000000xYA1AAM","Started","0055e000005DcvFAAS","0055e000005DcvFAAS","0","","1","Started","000000000000000AAA","","2021-08-18 13:29:26","0055e000005DcvFAAS","2021-08-18 13:29:26"
"04h5e000002CYegAAG","04g5e0000029uTmAAI","04c5e000000xYA1AAM","Started","0055e000005DcvFAAS","0055e000005DcvFAAS","0","","1","Started","000000000000000AAA","","2021-08-18 13:24:12","0055e000005DcvFAAS","2021-08-18 13:24:12"
"04h5e000002CYelAAG","04g5e0000029uTmAAI","04c5e000000xYA8AAM","Approved","0055e000005DcvFAAS","0055e000005DcvFAAS","0","","2","Approved","04b5e000000x2FSAAY",".0003785532407407407","2021-08-18 13:24:44","0055e000005DcvFAAS","2021-08-18 13:24:44"
"04h5e000002CYeqAAG","04g5e0000029uTwAAI","04c5e000000xYA1AAM","Started","0055e000005DcvFAAS","0055e000005DcvFAAS","0","","1","Started","000000000000000AAA","","2021-08-18 13:38:50","0055e000005DcvFAAS","2021-08-18 13:38:50"
"04h5e000002CYevAAG","04g5e0000029uU1AAI","04c5e000001dkJ9AAI","Started","0055e000005DcvFAAS","0055e000005DcvFAAS","0","","1","Started","000000000000000AAA","","2021-08-18 13:41:31","0055e000005DcvFAAS","2021-08-18 13:41:31"
"04h5e000002CYf0AAG","04g5e0000029uU1AAI","04c5e000001dkJGAAY","Approved","0055e000005DcvFAAS","0055e000005DcvFAAS","0","","2","Approved","04b5e000000R6eTAAS",".0004352662037037037","2021-08-18 13:42:08","0055e000005DcvFAAS","2021-08-18 13:42:08"
"04h5e000002CYf5AAG","04g5e0000029uU6AAI","04c5e000000xYA1AAM","Started","0055e000005DcvFAAS","0055e000005DcvFAAS","0","","1","Started","000000000000000AAA","","2021-08-18 13:44:53","0055e000005DcvFAAS","2021-08-18 13:44:53"
"04h5e000002CYf6AAG","04g5e0000029uU7AAI","04c5e000000xYA1AAM","Started","0055e000005DcvFAAS","0055e000005DcvFAAS","0","","1","Started","000000000000000AAA","","2021-08-18 13:46:05","0055e000005DcvFAAS","2021-08-18 13:46:05"
"04h5e000002CYfAAAW","04g5e0000029uU6AAI","04c5e000000xYA8AAM","Approved","0055e000005DcvFAAS","0055e000005DcvFAAS","0","","2","Approved","04b5e000000x2FSAAY",".00040729166666666664","2021-08-18 13:45:28","0055e000005DcvFAAS","2021-08-18 13:45:28"
"04h5e000002CYfBAAW","04g5e0000029uU7AAI","04c5e000000xYA8AAM","Approved","0055e000005DcvFAAS","0055e000005DcvFAAS","0","","2","Approved","04b5e000000x2FSAAY",".0002858564814814815","2021-08-18 13:46:29","0055e000005DcvFAAS","2021-08-18 13:46:29"
"04h5e000002CYg3AAG","04g5e0000029uUpAAI","04c5e000000xYA1AAM","Started","0055e000005DcvFAAS","0055e000005DcvFAAS","0","","1","Started","000000000000000AAA","","2021-08-18 15:17:00","0055e000005DcvFAAS","2021-08-18 15:17:00"
"04h5e000002CYg4AAG","04g5e0000029uUqAAI","04c5e000001dkJ9AAI","Started","0055e000005DcvFAAS","0055e000005DcvFAAS","0","","1","Started","000000000000000AAA","","2021-08-18 15:32:13","0055e000005DcvFAAS","2021-08-18 15:32:13"
"04h5e000002CYgIAAW","04g5e0000029uUzAAI","04c5e000001dkJ9AAI","Started","0055e000005DcvFAAS","0055e000005DcvFAAS","0","","1","Started","000000000000000AAA","","2021-08-18 15:27:17","0055e000005DcvFAAS","2021-08-18 15:27:17"
"04h5e000002CYgNAAW","04g5e0000029uUqAAI","04c5e000001dkJGAAY","Approved","0055e000005DcvFAAS","0055e000005DcvFAAS","0","","2","Approved","04b5e000000R6eTAAS",".0002345949074074074","2021-08-18 15:32:34","0055e000005DcvFAAS","2021-08-18 15:32:34"
"04h5e000002CYgOAAW","04g5e0000029uV4AAI","04c5e000000xYA8AAM","Approved","0055e000005DcvFAAS","0055e000005DcvFAAS","0","","2","Approved","04b5e000000x2FSAAY",".0003478587962962963","2021-08-18 15:34:43","0055e000005DcvFAAS","2021-08-18 15:34:43"
"04h5e000002CYgSAAW","04g5e0000029uV4AAI","04c5e000000xYA1AAM","Started","0055e000005DcvFAAS","0055e000005DcvFAAS","0","","1","Started","000000000000000AAA","","2021-08-18 15:34:13","0055e000005DcvFAAS","2021-08-18 15:34:13"
"04h5e000002CYgXAAW","04g5e0000029uV9AAI","04c5e000000xYA1AAM","Started","0055e000005DcvFAAS","0055e000005DcvFAAS","0","","1","Started","000000000000000AAA","","2021-08-18 15:35:02","0055e000005DcvFAAS","2021-08-18 15:35:02"
"04h5e000002CYgcAAG","04g5e0000029uVEAAY","04c5e000001dkJ9AAI","Started","0055e000005DcvFAAS","0055e000005DcvFAAS","0","","1","Started","000000000000000AAA","","2021-08-18 15:37:26","0055e000005DcvFAAS","2021-08-18 15:37:26"
