"Id","ProcessInstanceId","CurrentNodeId","ProcessTransitionId","OriginalActorId","ActorId","TriggerDatetime","RemindersSent","ReminderDatetime","Subject","Comments","DueDate","ProcessDefinitionType","IsDeleted","CreatedDate","CreatedById","SystemModstamp"
"04i5e000002XJqTAAW","04g5e0000029tXHAAY","04b5e000000R6eTAAS","04c5e000001dkJJAAY","0055e000005DbAMAA0","0055e000005DbAMAA0","","0","","","","","Approval","0","2021-08-16 21:48:32","0055e000005DbAMAA0","2021-08-16 21:48:32"
"04i5e000002XK12AAG","04g5e0000029uTrAAI","04b5e000000x2FSAAY","04c5e000000xYABAA2","0055e000005DcvFAAS","0055e000005DcvFAAS","","0","","","","","Approval","0","2021-08-18 13:29:26","0055e000005DcvFAAS","2021-08-18 13:29:26"
"04i5e000002XK17AAG","04g5e0000029uTwAAI","04b5e000000x2FSAAY","04c5e000000xYABAA2","0055e000005DcvFAAS","0055e000005DcvFAAS","","0","","","","","Approval","0","2021-08-18 13:38:50","0055e000005DcvFAAS","2021-08-18 13:38:50"
"04i5e000002XK2KAAW","04g5e0000029uUpAAI","04b5e000000x2FSAAY","04c5e000000xYABAA2","0055e000005DcvFAAS","0055e000005DcvFAAS","","0","","","","","Approval","0","2021-08-18 15:17:00","0055e000005DcvFAAS","2021-08-18 15:17:00"
"04i5e000002XK2PAAW","04g5e0000029uUzAAI","04b5e000000R6eTAAS","04c5e000001dkJJAAY","0055e000005DcvFAAS","0055e000005DcvFAAS","","0","","","","","Approval","0","2021-08-18 15:27:17","0055e000005DcvFAAS","2021-08-18 15:27:17"
"04i5e000002XK2ZAAW","04g5e0000029uV9AAI","04b5e000000x2FSAAY","04c5e000000xYABAA2","0055e000005DcvFAAS","0055e000005DcvFAAS","","0","","","","","Approval","0","2021-08-18 15:35:02","0055e000005DcvFAAS","2021-08-18 15:35:02"
"04i5e000002XK2eAAG","04g5e0000029uVEAAY","04b5e000000R6eTAAS","04c5e000001dkJJAAY","0055e000005DcvFAAS","0055e000005DcvFAAS","","0","","","","","Approval","0","2021-08-18 15:37:26","0055e000005DcvFAAS","2021-08-18 15:37:26"
