"Id","IsDeleted","Name","CreatedDate","CreatedById","LastModifiedDate","LastModifiedById","SystemModstamp","LastActivityDate","ItemType__c","Contact__c","Previously_Sold_Item__c","Rating_of_item__c"
"a015e00000NyDUGAA3","0","New RatingExampleTrigger","2021-08-06 20:33:51","0055e000005DbAMAA0","2021-08-09 15:33:52","0055e000005DbAMAA0","2021-08-09 15:33:52","","","0035e00000CYYWoAAP","a025e000003zlG7AAI","5"
"a015e00000NzXzpAAF","0","New RatingtestItemVideo","2021-08-10 22:16:53","0055e000005DbAMAA0","2021-08-10 22:17:21","0055e000005DbAMAA0","2021-08-10 22:17:21","","","0035e00000CDrnSAAT","a025e0000040CUHAA2","2"
"a015e00000O1QxoAAF","0","Item","2021-08-15 23:47:28","0055e000005DbAMAA0","2021-08-16 18:27:12","0055e000005DbAMAA0","2021-08-16 18:27:12","","Car","0035e00000CDrnSAAT","a025e0000040CUHAA2","9"
"a015e00000Os7BvAAJ","0","New RatingTestFlow","2021-08-16 19:29:58","0055e000005DbAMAA0","2021-08-16 19:29:58","0055e000005DbAMAA0","2021-08-16 19:29:58","","","0035e00000CYYWoAAP","a025e000007lN2cAAE",""
"a015e00000OsjGQAAZ","0","New RatingSampleOther","2021-08-18 13:29:27","0055e000005DcvFAAS","2021-08-18 13:31:16","0055e000005DcvFAAS","2021-08-18 13:31:16","","","0035e00000CE1OoAAL","a025e000007lV3pAAE","5"
"a015e00000OsjGVAAZ","0","New RatingComputer","2021-08-18 13:38:50","0055e000005DcvFAAS","2021-08-18 13:39:26","0055e000005DcvFAAS","2021-08-18 13:39:26","","","0035e00000CE1OoAAL","a025e000007lV49AAE","10"
"a015e00000OsjJFAAZ","0","New RatingTestCar","2021-08-18 15:35:02","0055e000005DcvFAAS","2021-08-18 15:35:40","0055e000005DcvFAAS","2021-08-18 15:35:40","","","0035e00000CE1OoAAL","a025e000007lV7bAAE","6"
