"Id","Name","ModuleNamespace","Description","BusinessProcessId","SobjectType","IsActive","CreatedById","CreatedDate","LastModifiedById","LastModifiedDate","SystemModstamp","IsDeleted"
"0125e000000VTVPAA4","Internal Zone: Question Record Type","","Record type used to associate Question with a specific zone","","Question","1","0055e000005L2LGAA0","2021-07-29 09:45:55","0055e000005L2LGAA0","2021-07-29 09:45:55","2021-07-29 09:45:55","0"
"0125e000000VTVQAA4","Internal Zone: Reply Record Type","","Record type used to associate Reply with a specific zone","","Reply","1","0055e000005L2LGAA0","2021-07-29 09:45:55","0055e000005L2LGAA0","2021-07-29 09:45:55","2021-07-29 09:45:55","0"
"0125e000000VTVRAA4","Progress","","Measure achievement based on how much is finished compared to a targeted value. Ideal for tracking hard numbers and percentages. For example: Convert 50 Leads or Achieve 100% Customer Satisfaction.","","Metric","1","0055e000005DbAMAA0","2021-07-29 09:45:55","0055e000005DbAMAA0","2021-07-29 09:45:55","2021-07-29 09:45:55","0"
"0125e000000VTVSAA4","Completion","","Measure achievement based on whether or not the metric is finished. Ideal for tracking milestones, or when you don't have metrics based on hard numbers. For example: Become Salesforce Certified.","","Metric","1","0055e000005DbAMAA0","2021-07-29 09:45:55","0055e000005DbAMAA0","2021-07-29 09:45:55","2021-07-29 09:45:55","0"
"0125e000000VTVTAA4","Internal Ideas: Idea Record Type","","Record Type used to associate ideas with a specific community","","Idea","1","0055e000005DbAMAA0","2021-07-29 09:45:55","0055e000005DbAMAA0","2021-07-29 09:45:55","2021-07-29 09:45:55","0"
"0125e000000iBgxAAE","Electronics","","","","Product2","1","0055e000005DbAMAA0","2021-07-30 20:56:56","0055e000005DbAMAA0","2021-08-13 17:27:21","2021-08-13 17:27:21","0"
"0125e000000iBiKAAU","Cars","","","","Product2","1","0055e000005DbAMAA0","2021-07-30 21:43:25","0055e000005DbAMAA0","2021-08-16 19:16:54","2021-08-16 19:16:54","0"
"0125e000000iBieAAE","Other","","","","Product2","1","0055e000005DbAMAA0","2021-07-30 21:47:51","0055e000005DbAMAA0","2021-08-13 17:27:21","2021-08-13 17:27:21","0"
