"Id","IsDeleted","Name","CreatedDate","CreatedById","LastModifiedDate","LastModifiedById","SystemModstamp","MetricIdentifier","DetailIdentifier","Tenant","TenantName","MetricsType","Username","UserEmail","UserLicense","Context","ContextType","Action","ActionDate","ActionBy"
"1Vh5e000007kIKxCAM","0","UsersWithCustomizeAppPerm","2021-07-29 09:45:55","0055e000005L2LGAA0","2021-07-29 09:45:55","0055e000005L2LGAA0","2021-07-29 09:45:55","eec3b3abc02b4e1e8718ae6206c2fa6a","b727e431ea854fffa68bbd05d6dda2d0","00D5e000003QuLu","Salesforce.com, Inc.","UsersWithCustomizeAppPerm","admin@trailhead.de","dbitting@salesforce.com","Standard","System Administrator","User Profile","Removed","2021-02-11 09:06:08",""
"1Vh5e000007kIKyCAM","0","UsersWithManageSharingPerm","2021-07-29 09:45:55","0055e000005L2LGAA0","2021-07-29 09:45:55","0055e000005L2LGAA0","2021-07-29 09:45:55","feda5bad6c2445f99c8648f073c6d411","ecfa68945e8342c0af1364b49823403f","00D5e000003QuLu","Salesforce.com, Inc.","UsersWithManageSharingPerm","admin@trailhead.de","dbitting@salesforce.com","Standard","System Administrator","User Profile","Added","2020-11-06 09:01:09","-"
"1Vh5e000007kIKzCAM","0","UsersWithResetPasswordPerm","2021-07-29 09:45:55","0055e000005L2LGAA0","2021-07-29 09:45:55","0055e000005L2LGAA0","2021-07-29 09:45:55","049ff8fdfeef4b0a95d36e4b1ff0aa0e","4aa38006f8c34bbd9897f816e12afee8","00D5e000003QuLu","Salesforce.com, Inc.","UsersWithResetPasswordPerm","admin@trailhead.de","dbitting@salesforce.com","Standard","System Administrator","User Profile","Added","2020-11-06 09:01:08","-"
"1Vh5e000007kIL0CAM","0","UsersWithManageRolesPerm","2021-07-29 09:45:55","0055e000005L2LGAA0","2021-07-29 09:45:55","0055e000005L2LGAA0","2021-07-29 09:45:55","92c64f58e0324416b25ed2cdd2445ee3","3560ea2c666b46b2a17235f752b1f08f","00D5e000003QuLu","Salesforce.com, Inc.","UsersWithManageRolesPerm","admin@trailhead.de","dbitting@salesforce.com","Standard","System Administrator","User Profile","Added","2020-11-06 09:01:07","-"
"1Vh5e000007kIL1CAM","0","UsersWithAssignPermSet","2021-07-29 09:45:55","0055e000005L2LGAA0","2021-07-29 09:45:55","0055e000005L2LGAA0","2021-07-29 09:45:55","7836d59929bb45d19a351e026a16f93c","2858a5d37fc04bd08541f7af43a3456b","00D5e000003QuLu","Salesforce.com, Inc.","UsersWithAssignPermSet","admin@trailhead.de","dbitting@salesforce.com","Standard","System Administrator","User Profile","Added","2020-11-06 09:01:07","-"
"1Vh5e000007kIL2CAM","0","UsersWithAuthorApexPerm","2021-07-29 09:45:55","0055e000005L2LGAA0","2021-07-29 09:45:55","0055e000005L2LGAA0","2021-07-29 09:45:55","38712cc45bfe4776ab0237d7bea60dc0","45f44046f9a740a490ab2ef85b48e484","00D5e000003QuLu","Salesforce.com, Inc.","UsersWithAuthorApexPerm","admin@trailhead.de","dbitting@salesforce.com","Standard","System Administrator","User Profile","Added","2020-11-06 09:01:07","-"
"1Vh5e000007kIL3CAM","0","UsersWithPasswordNeverExpiresPerm","2021-07-29 09:45:55","0055e000005L2LGAA0","2021-07-29 09:45:55","0055e000005L2LGAA0","2021-07-29 09:45:55","37fb195329e94e62baab6f9af288b1b1","6e2843129e0e446abf9df2a563c5d787","00D5e000003QuLu","Salesforce.com, Inc.","UsersWithPasswordNeverExpiresPerm","chatty.00d41000000f47yeas.iwykm75kgxe2@chatter.salesforce.com","noreply@chatter.salesforce.com","CsnOnly","Chatter Free User","User Profile","Added","2020-11-06 09:01:08","-"
"1Vh5e000007kIL4CAM","0","UsersWithPasswordNeverExpiresPerm","2021-07-29 09:45:55","0055e000005L2LGAA0","2021-07-29 09:45:55","0055e000005L2LGAA0","2021-07-29 09:45:55","37fb195329e94e62baab6f9af288b1b1","87cb3ac414f1432492a9ec9c3d2739a5","00D5e000003QuLu","Salesforce.com, Inc.","UsersWithPasswordNeverExpiresPerm","insightssecurity@00d41000000f47yeas.com","insightssecurity@example.com","Standard","Analytics Cloud Security User","User Profile","Added","2020-11-06 09:01:08","-"
"1Vh5e000007kIL5CAM","0","UsersWithPasswordNeverExpiresPerm","2021-07-29 09:45:55","0055e000005L2LGAA0","2021-07-29 09:45:55","0055e000005L2LGAA0","2021-07-29 09:45:55","37fb195329e94e62baab6f9af288b1b1","31fa259d28dc4eafa632d536901956f5","00D5e000003QuLu","Salesforce.com, Inc.","UsersWithPasswordNeverExpiresPerm","integration@00d41000000f47yeas.com","integration@example.com","Standard","Analytics Cloud Integration User","User Profile","Added","2020-11-06 09:01:08","-"
"1Vh5e000007kIL6CAM","0","UsersWithMAD","2021-07-29 09:45:55","0055e000005L2LGAA0","2021-07-29 09:45:55","0055e000005L2LGAA0","2021-07-29 09:45:55","65e03cc238c447dba2f16a9c84a9238e","119b4db29d984dc4bde1f132c2d27685","00D5e000003QuLu","Salesforce.com, Inc.","UsersWithMAD","admin@trailhead.de","dbitting@salesforce.com","Standard","System Administrator","User Profile","Added","2020-11-06 09:01:08","-"
"1Vh5e000007kIL7CAM","0","UsersWithManagePasswordPolicyPerm","2021-07-29 09:45:55","0055e000005L2LGAA0","2021-07-29 09:45:55","0055e000005L2LGAA0","2021-07-29 09:45:55","ec85ac0b9d424ba2b70b0ea18ab50540","c24b40a5b09749ccb7f89f7ae9ea053c","00D5e000003QuLu","Salesforce.com, Inc.","UsersWithManagePasswordPolicyPerm","admin@trailhead.de","dbitting@salesforce.com","Standard","System Administrator","User Profile","Added","2020-11-06 09:01:08","-"
"1Vh5e000007kIL8CAM","0","UsersWithManageProfilePermSet","2021-07-29 09:45:55","0055e000005L2LGAA0","2021-07-29 09:45:55","0055e000005L2LGAA0","2021-07-29 09:45:55","6729e6c4607d416a85b8bf7c8355d83d","a3e51a5b946b4f11a3c2d1bf023af948","00D5e000003QuLu","Salesforce.com, Inc.","UsersWithManageProfilePermSet","admin@trailhead.de","dbitting@salesforce.com","Standard","System Administrator","User Profile","Added","2020-11-06 09:01:08","-"
"1Vh5e000007kIL9CAM","0","UsersWithCustomizeAppPerm","2021-07-29 09:45:55","0055e000005L2LGAA0","2021-07-29 09:45:55","0055e000005L2LGAA0","2021-07-29 09:45:55","9445dc6d91ef4716bd82aa9cc015f7a8","53e25a3bdd9740c0b0eb8500d0fc224f","00D5e000003QuLu","Salesforce.com, Inc.","UsersWithCustomizeAppPerm","admin@trailhead.de","dbitting@salesforce.com","Standard","System Administrator","User Profile","Added","2020-11-06 09:01:08","-"
"1Vh5e000007kILACA2","0","UsersWithManageUsersPerm","2021-07-29 09:45:55","0055e000005L2LGAA0","2021-07-29 09:45:55","0055e000005L2LGAA0","2021-07-29 09:45:55","51f396970c604b76ada720e590d445ab","a51588f15dfb4e38b1121320dd3d3199","00D5e000003QuLu","Salesforce.com, Inc.","UsersWithManageUsersPerm","admin@trailhead.de","dbitting@salesforce.com","Standard","System Administrator","User Profile","Added","2020-11-06 09:01:08","-"
"1Vh5e000007kILBCA2","0","UsersWithManageInternalUsersPerm","2021-07-29 09:45:55","0055e000005L2LGAA0","2021-07-29 09:45:55","0055e000005L2LGAA0","2021-07-29 09:45:55","c6c450bb9d28421db6af25d905017a91","83965acffb474a3ca0fba023d29fa96f","00D5e000003QuLu","Salesforce.com, Inc.","UsersWithManageInternalUsersPerm","admin@trailhead.de","dbitting@salesforce.com","Standard","System Administrator","User Profile","Added","2020-11-06 09:01:08","-"
"1Vh5e000007kILCCA2","0","UsersWithVAD","2021-07-29 09:45:55","0055e000005L2LGAA0","2021-07-29 09:45:55","0055e000005L2LGAA0","2021-07-29 09:45:55","0a34f86bfa8c43c497da80c4faf887f7","2a468ce6ee99402a9abde11ed21807af","00D5e000003QuLu","Salesforce.com, Inc.","UsersWithVAD","integration@00d41000000f47yeas.com","integration@example.com","Standard","Analytics Cloud Integration User","User Profile","Added","2020-11-06 09:01:08","-"
"1Vh5e000007kILDCA2","0","UsersWithVAD","2021-07-29 09:45:55","0055e000005L2LGAA0","2021-07-29 09:45:55","0055e000005L2LGAA0","2021-07-29 09:45:55","0a34f86bfa8c43c497da80c4faf887f7","8deb848ae18347dc9e5105dd73ca1f04","00D5e000003QuLu","Salesforce.com, Inc.","UsersWithVAD","admin@trailhead.de","dbitting@salesforce.com","Standard","System Administrator","User Profile","Added","2020-11-06 09:01:08","-"
"1Vh5e000007kILECA2","0","UsersWithAuthorApexPerm","2021-07-29 09:45:55","0055e000005L2LGAA0","2021-07-29 09:45:55","0055e000005L2LGAA0","2021-07-29 09:45:55","a5cbf8e191de44fa91d787db535ffd91","96932129d7e34f53830220e093ca7221","00D5e000003QuLu","Trialforce inc","UsersWithAuthorApexPerm","0tt1k000008oo1awaw_0tv1k000000fxkywaa@trialforce.com","TrialForceDOTs@salesforce.com","Standard","System Administrator","User Profile","Added","2021-02-11 09:06:08","-"
"1Vh5e000007kILFCA2","0","UsersWithAuthorApexPerm","2021-07-29 09:45:55","0055e000005L2LGAA0","2021-07-29 09:45:55","0055e000005L2LGAA0","2021-07-29 09:45:55","a5cbf8e191de44fa91d787db535ffd91","5142fda04ce74b149821c5c5385624b0","00D5e000003QuLu","Salesforce.com, Inc.","UsersWithAuthorApexPerm","admin@trailhead.de","dbitting@salesforce.com","Standard","System Administrator","User Profile","Removed","2021-02-11 09:06:08",""
"1Vh5e000007kILGCA2","0","UsersWithMAD","2021-07-29 09:45:55","0055e000005L2LGAA0","2021-07-29 09:45:55","0055e000005L2LGAA0","2021-07-29 09:45:55","5126052fbedd4e1e8d0237fae82c442d","c4e28c1d89384ab0a2e21faab1fad64c","00D5e000003QuLu","Trialforce inc","UsersWithMAD","0tt1k000008oo1awaw_0tv1k000000fxkywaa@trialforce.com","TrialForceDOTs@salesforce.com","Standard","System Administrator","User Profile","Added","2021-02-11 09:06:08","-"
"1Vh5e000007kILHCA2","0","UsersWithMAD","2021-07-29 09:45:55","0055e000005L2LGAA0","2021-07-29 09:45:55","0055e000005L2LGAA0","2021-07-29 09:45:55","5126052fbedd4e1e8d0237fae82c442d","1bf00199902c416895aeeabce80c6ad9","00D5e000003QuLu","Salesforce.com, Inc.","UsersWithMAD","admin@trailhead.de","dbitting@salesforce.com","Standard","System Administrator","User Profile","Removed","2021-02-11 09:06:08",""
"1Vh5e000007kILICA2","0","UsersWithAssignPermSet","2021-07-29 09:45:55","0055e000005L2LGAA0","2021-07-29 09:45:55","0055e000005L2LGAA0","2021-07-29 09:45:55","00840c0c41e748d98089c53251ad2b96","e4b16e112e7d418cb5a6a3fdd260a0f7","00D5e000003QuLu","Trialforce inc","UsersWithAssignPermSet","0tt1k000008oo1awaw_0tv1k000000fxkywaa@trialforce.com","TrialForceDOTs@salesforce.com","Standard","System Administrator","User Profile","Added","2021-02-11 09:06:08","-"
"1Vh5e000007kILJCA2","0","UsersWithAssignPermSet","2021-07-29 09:45:55","0055e000005L2LGAA0","2021-07-29 09:45:55","0055e000005L2LGAA0","2021-07-29 09:45:55","00840c0c41e748d98089c53251ad2b96","eb79ffe25ecb4ba2ad1f97ba046b494e","00D5e000003QuLu","Salesforce.com, Inc.","UsersWithAssignPermSet","admin@trailhead.de","dbitting@salesforce.com","Standard","System Administrator","User Profile","Removed","2021-02-11 09:06:08",""
"1Vh5e000007kILKCA2","0","UsersWithManagePasswordPolicyPerm","2021-07-29 09:45:55","0055e000005L2LGAA0","2021-07-29 09:45:55","0055e000005L2LGAA0","2021-07-29 09:45:55","b94c53b97e6e41cf89ce82cb192906f0","369d071be38c4561acddd6e573dbac58","00D5e000003QuLu","Trialforce inc","UsersWithManagePasswordPolicyPerm","0tt1k000008oo1awaw_0tv1k000000fxkywaa@trialforce.com","TrialForceDOTs@salesforce.com","Standard","System Administrator","User Profile","Added","2021-02-11 09:06:08","-"
"1Vh5e000007kILLCA2","0","UsersWithManagePasswordPolicyPerm","2021-07-29 09:45:55","0055e000005L2LGAA0","2021-07-29 09:45:55","0055e000005L2LGAA0","2021-07-29 09:45:55","b94c53b97e6e41cf89ce82cb192906f0","4f78fd8bfefe424eabe5b579acb8f727","00D5e000003QuLu","Salesforce.com, Inc.","UsersWithManagePasswordPolicyPerm","admin@trailhead.de","dbitting@salesforce.com","Standard","System Administrator","User Profile","Removed","2021-02-11 09:06:08",""
"1Vh5e000007kILMCA2","0","UsersWithManageSharingPerm","2021-07-29 09:45:55","0055e000005L2LGAA0","2021-07-29 09:45:55","0055e000005L2LGAA0","2021-07-29 09:45:55","fb11da3f84174e5b8194792764b327ee","5da3be54f4464718b5f054b932fc670d","00D5e000003QuLu","Trialforce inc","UsersWithManageSharingPerm","0tt1k000008oo1awaw_0tv1k000000fxkywaa@trialforce.com","TrialForceDOTs@salesforce.com","Standard","System Administrator","User Profile","Added","2021-02-11 09:06:08","-"
"1Vh5e000007kILNCA2","0","UsersWithManageSharingPerm","2021-07-29 09:45:55","0055e000005L2LGAA0","2021-07-29 09:45:55","0055e000005L2LGAA0","2021-07-29 09:45:55","fb11da3f84174e5b8194792764b327ee","57b5c3cbb9f74839ae599bdb9a4a134b","00D5e000003QuLu","Salesforce.com, Inc.","UsersWithManageSharingPerm","admin@trailhead.de","dbitting@salesforce.com","Standard","System Administrator","User Profile","Removed","2021-02-11 09:06:08",""
"1Vh5e000007kILOCA2","0","UsersWithManageRolesPerm","2021-07-29 09:45:55","0055e000005L2LGAA0","2021-07-29 09:45:55","0055e000005L2LGAA0","2021-07-29 09:45:55","90d56d5e326a46de96b821acebcb912f","0ef878fb15a24f6492171efcac6e9133","00D5e000003QuLu","Trialforce inc","UsersWithManageRolesPerm","0tt1k000008oo1awaw_0tv1k000000fxkywaa@trialforce.com","TrialForceDOTs@salesforce.com","Standard","System Administrator","User Profile","Added","2021-02-11 09:06:08","-"
"1Vh5e000007kILPCA2","0","UsersWithManageRolesPerm","2021-07-29 09:45:55","0055e000005L2LGAA0","2021-07-29 09:45:55","0055e000005L2LGAA0","2021-07-29 09:45:55","90d56d5e326a46de96b821acebcb912f","f06f732ae47c4b608c58d7f859e69690","00D5e000003QuLu","Salesforce.com, Inc.","UsersWithManageRolesPerm","admin@trailhead.de","dbitting@salesforce.com","Standard","System Administrator","User Profile","Removed","2021-02-11 09:06:08",""
"1Vh5e000007kILQCA2","0","UsersWithManageProfilePermSet","2021-07-29 09:45:55","0055e000005L2LGAA0","2021-07-29 09:45:55","0055e000005L2LGAA0","2021-07-29 09:45:55","92cd4bc6ffe84b58842ebe79cad63faf","edec3de0f02e4d56b44201602369ca07","00D5e000003QuLu","Trialforce inc","UsersWithManageProfilePermSet","0tt1k000008oo1awaw_0tv1k000000fxkywaa@trialforce.com","TrialForceDOTs@salesforce.com","Standard","System Administrator","User Profile","Added","2021-02-11 09:06:08","-"
"1Vh5e000007kILRCA2","0","UsersWithManageProfilePermSet","2021-07-29 09:45:55","0055e000005L2LGAA0","2021-07-29 09:45:55","0055e000005L2LGAA0","2021-07-29 09:45:55","92cd4bc6ffe84b58842ebe79cad63faf","7023f120705b44fab382e28f25d82fe4","00D5e000003QuLu","Salesforce.com, Inc.","UsersWithManageProfilePermSet","admin@trailhead.de","dbitting@salesforce.com","Standard","System Administrator","User Profile","Removed","2021-02-11 09:06:08",""
"1Vh5e000007kILSCA2","0","UsersWithManageInternalUsersPerm","2021-07-29 09:45:55","0055e000005L2LGAA0","2021-07-29 09:45:55","0055e000005L2LGAA0","2021-07-29 09:45:55","be6637ca7eef47fdaa8de59b0f820562","f6cd02f1509b46bf958295004a9775e9","00D5e000003QuLu","Trialforce inc","UsersWithManageInternalUsersPerm","0tt1k000008oo1awaw_0tv1k000000fxkywaa@trialforce.com","TrialForceDOTs@salesforce.com","Standard","System Administrator","User Profile","Added","2021-02-11 09:06:08","-"
"1Vh5e000007kILTCA2","0","UsersWithManageInternalUsersPerm","2021-07-29 09:45:55","0055e000005L2LGAA0","2021-07-29 09:45:55","0055e000005L2LGAA0","2021-07-29 09:45:55","be6637ca7eef47fdaa8de59b0f820562","ecf8ba16bab2460d9348e2b034e0b785","00D5e000003QuLu","Salesforce.com, Inc.","UsersWithManageInternalUsersPerm","admin@trailhead.de","dbitting@salesforce.com","Standard","System Administrator","User Profile","Removed","2021-02-11 09:06:08",""
"1Vh5e000007kILUCA2","0","UsersWithPasswordNeverExpiresPerm","2021-07-29 09:45:55","0055e000005L2LGAA0","2021-07-29 09:45:55","0055e000005L2LGAA0","2021-07-29 09:45:55","5189034b7f3b41e4b57e9cced7e235a7","850a076394064468ac713af70d1a8bd8","00D5e000003QuLu","Trialforce inc","UsersWithPasswordNeverExpiresPerm","insightssecurity@00d1k000002nd6uuaq.com","insightssecurity@example.com","Standard","Analytics Cloud Security User","User Profile","Added","2021-02-11 09:06:08","-"
"1Vh5e000007kILVCA2","0","UsersWithPasswordNeverExpiresPerm","2021-07-29 09:45:55","0055e000005L2LGAA0","2021-07-29 09:45:55","0055e000005L2LGAA0","2021-07-29 09:45:55","5189034b7f3b41e4b57e9cced7e235a7","236158e5847d447bbee58562a3d769cd","00D5e000003QuLu","Trialforce inc","UsersWithPasswordNeverExpiresPerm","integration@00d1k000002nd6uuaq.com","integration@example.com","Standard","Analytics Cloud Integration User","User Profile","Added","2021-02-11 09:06:08","-"
"1Vh5e000007kILWCA2","0","UsersWithPasswordNeverExpiresPerm","2021-07-29 09:45:55","0055e000005L2LGAA0","2021-07-29 09:45:55","0055e000005L2LGAA0","2021-07-29 09:45:55","5189034b7f3b41e4b57e9cced7e235a7","58a5af70d7bc417b9ed97d56cda69e43","00D5e000003QuLu","Trialforce inc","UsersWithPasswordNeverExpiresPerm","chatty.00d1k000002nd6uuaq.qktwopqqfmg7@chatter.salesforce.com","noreply@chatter.salesforce.com","CsnOnly","Chatter Free User","User Profile","Added","2021-02-11 09:06:08","-"
"1Vh5e000007kILXCA2","0","UsersWithPasswordNeverExpiresPerm","2021-07-29 09:45:55","0055e000005L2LGAA0","2021-07-29 09:45:55","0055e000005L2LGAA0","2021-07-29 09:45:55","5189034b7f3b41e4b57e9cced7e235a7","ab963c1eb468451fb0312bd3406380ad","00D5e000003QuLu","Salesforce.com, Inc.","UsersWithPasswordNeverExpiresPerm","chatty.00d41000000f47yeas.iwykm75kgxe2@chatter.salesforce.com","noreply@chatter.salesforce.com","CsnOnly","Chatter Free User","User Profile","Removed","2021-02-11 09:06:08",""
"1Vh5e000007kILYCA2","0","UsersWithPasswordNeverExpiresPerm","2021-07-29 09:45:55","0055e000005L2LGAA0","2021-07-29 09:45:55","0055e000005L2LGAA0","2021-07-29 09:45:55","5189034b7f3b41e4b57e9cced7e235a7","ee0f0fa65ee04486896847f4b162d43a","00D5e000003QuLu","Salesforce.com, Inc.","UsersWithPasswordNeverExpiresPerm","insightssecurity@00d41000000f47yeas.com","insightssecurity@example.com","Standard","Analytics Cloud Security User","User Profile","Removed","2021-02-11 09:06:08",""
"1Vh5e000007kILZCA2","0","UsersWithPasswordNeverExpiresPerm","2021-07-29 09:45:55","0055e000005L2LGAA0","2021-07-29 09:45:55","0055e000005L2LGAA0","2021-07-29 09:45:55","5189034b7f3b41e4b57e9cced7e235a7","2378a380dbee485687f63665cb6d1fcf","00D5e000003QuLu","Salesforce.com, Inc.","UsersWithPasswordNeverExpiresPerm","integration@00d41000000f47yeas.com","integration@example.com","Standard","Analytics Cloud Integration User","User Profile","Removed","2021-02-11 09:06:08",""
"1Vh5e000007kILaCAM","0","UsersWithManageUsersPerm","2021-07-29 09:45:55","0055e000005L2LGAA0","2021-07-29 09:45:55","0055e000005L2LGAA0","2021-07-29 09:45:55","6ec5d3fe594b4aac9d2e4a81a2bc52bc","aced523f82864615831ed673207be143","00D5e000003QuLu","Trialforce inc","UsersWithManageUsersPerm","0tt1k000008oo1awaw_0tv1k000000fxkywaa@trialforce.com","TrialForceDOTs@salesforce.com","Standard","System Administrator","User Profile","Added","2021-02-11 09:06:08","-"
"1Vh5e000007kILbCAM","0","UsersWithManageUsersPerm","2021-07-29 09:45:55","0055e000005L2LGAA0","2021-07-29 09:45:55","0055e000005L2LGAA0","2021-07-29 09:45:55","6ec5d3fe594b4aac9d2e4a81a2bc52bc","88a3478a9bc14b96a7b3b5fb86c6f494","00D5e000003QuLu","Salesforce.com, Inc.","UsersWithManageUsersPerm","admin@trailhead.de","dbitting@salesforce.com","Standard","System Administrator","User Profile","Removed","2021-02-11 09:06:08",""
"1Vh5e000007kILcCAM","0","UsersWithVAD","2021-07-29 09:45:55","0055e000005L2LGAA0","2021-07-29 09:45:55","0055e000005L2LGAA0","2021-07-29 09:45:55","a729e535cb8a4f689c373bd171309d83","c764abcebd2647b8904893edb3a0c941","00D5e000003QuLu","Trialforce inc","UsersWithVAD","0tt1k000008oo1awaw_0tv1k000000fxkywaa@trialforce.com","TrialForceDOTs@salesforce.com","Standard","System Administrator","User Profile","Added","2021-02-11 09:06:08","-"
"1Vh5e000007kILdCAM","0","UsersWithVAD","2021-07-29 09:45:55","0055e000005L2LGAA0","2021-07-29 09:45:55","0055e000005L2LGAA0","2021-07-29 09:45:55","a729e535cb8a4f689c373bd171309d83","555df7ca42fb44f896de7c695a0071b6","00D5e000003QuLu","Trialforce inc","UsersWithVAD","integration@00d1k000002nd6uuaq.com","integration@example.com","Standard","Analytics Cloud Integration User","User Profile","Added","2021-02-11 09:06:08","-"
"1Vh5e000007kILeCAM","0","UsersWithVAD","2021-07-29 09:45:55","0055e000005L2LGAA0","2021-07-29 09:45:55","0055e000005L2LGAA0","2021-07-29 09:45:55","a729e535cb8a4f689c373bd171309d83","3e9cea984ecf4afd9c507550f495ef45","00D5e000003QuLu","Salesforce.com, Inc.","UsersWithVAD","integration@00d41000000f47yeas.com","integration@example.com","Standard","Analytics Cloud Integration User","User Profile","Removed","2021-02-11 09:06:08",""
"1Vh5e000007kILfCAM","0","UsersWithVAD","2021-07-29 09:45:55","0055e000005L2LGAA0","2021-07-29 09:45:55","0055e000005L2LGAA0","2021-07-29 09:45:55","a729e535cb8a4f689c373bd171309d83","afab76d2379446579b9b652da855a69c","00D5e000003QuLu","Salesforce.com, Inc.","UsersWithVAD","admin@trailhead.de","dbitting@salesforce.com","Standard","System Administrator","User Profile","Removed","2021-02-11 09:06:08",""
"1Vh5e000007kILgCAM","0","UsersWithResetPasswordPerm","2021-07-29 09:45:55","0055e000005L2LGAA0","2021-07-29 09:45:55","0055e000005L2LGAA0","2021-07-29 09:45:55","465a3c0f32014e46ae0a78a3e7f67438","416822a98b7044ed94c8655faa8457b0","00D5e000003QuLu","Trialforce inc","UsersWithResetPasswordPerm","0tt1k000008oo1awaw_0tv1k000000fxkywaa@trialforce.com","TrialForceDOTs@salesforce.com","Standard","System Administrator","User Profile","Added","2021-02-11 09:06:08","-"
"1Vh5e000007kILhCAM","0","UsersWithResetPasswordPerm","2021-07-29 09:45:55","0055e000005L2LGAA0","2021-07-29 09:45:55","0055e000005L2LGAA0","2021-07-29 09:45:55","465a3c0f32014e46ae0a78a3e7f67438","5e232f0df42245b698c67d5139993719","00D5e000003QuLu","Salesforce.com, Inc.","UsersWithResetPasswordPerm","admin@trailhead.de","dbitting@salesforce.com","Standard","System Administrator","User Profile","Removed","2021-02-11 09:06:08",""
"1Vh5e000007kILiCAM","0","UsersWithCustomizeAppPerm","2021-07-29 09:45:55","0055e000005L2LGAA0","2021-07-29 09:45:55","0055e000005L2LGAA0","2021-07-29 09:45:55","eec3b3abc02b4e1e8718ae6206c2fa6a","24b7fc170c384581bd44509e57cc7632","00D5e000003QuLu","Trialforce inc","UsersWithCustomizeAppPerm","0tt1k000008oo1awaw_0tv1k000000fxkywaa@trialforce.com","TrialForceDOTs@salesforce.com","Standard","System Administrator","User Profile","Added","2021-02-11 09:06:08","-"
"1Vh5e000007kSl5CAE","0","UsersWithPasswordNeverExpiresPerm","2021-07-29 19:40:31","0055e000005L2LGAA0","2021-07-29 19:40:31","0055e000005L2LGAA0","2021-07-29 19:40:31","703ff2926d874a3ab3258e978e4f3733","6abbe3b30e3d48158ffcdb1018a8d47c","00D5e000003QuLu","Revature","UsersWithPasswordNeverExpiresPerm","chatty.00d5e000003qulueak.bcsp1qx9fgwg@chatter.salesforce.com","noreply@chatter.salesforce.com","CsnOnly","Chatter Free User","User Profile","Added","2021-07-29 19:40:31","-"
"1Vh5e000007kSnBCAU","0","UsersWithVAD","2021-07-29 19:40:31","0055e000005L2LGAA0","2021-07-29 19:40:31","0055e000005L2LGAA0","2021-07-29 19:40:31","4658103eb81e4fe28825eb3421e802fd","e454a13985cd45c59115655037084cfb","00D5e000003QuLu","Revature","UsersWithVAD","wsempathy@brave-shark-5267fr.com","wsempathy@yahoo.com","Standard","System Administrator","User Profile","Added","2021-07-29 19:40:31","-"
"1Vh5e000007kSnCCAU","0","UsersWithVAD","2021-07-29 19:40:31","0055e000005L2LGAA0","2021-07-29 19:40:31","0055e000005L2LGAA0","2021-07-29 19:40:31","4658103eb81e4fe28825eb3421e802fd","e09cac2f667e4b6681c713f3691a9170","00D5e000003QuLu","Revature","UsersWithVAD","integration@00d5e000003qulueak.com","integration@example.com","Standard","Analytics Cloud Integration User","User Profile","Added","2021-07-29 19:40:31","-"
"1Vh5e000007kSnDCAU","0","UsersWithVAD","2021-07-29 19:40:31","0055e000005L2LGAA0","2021-07-29 19:40:31","0055e000005L2LGAA0","2021-07-29 19:40:31","4658103eb81e4fe28825eb3421e802fd","b50f872f419245249b92f185398b3789","00D5e000003QuLu","Trialforce inc","UsersWithVAD","0tt1k000008oo1awaw_0tv1k000000fxkywaa@trialforce.com","TrialForceDOTs@salesforce.com","Standard","System Administrator","User Profile","Removed","2021-07-29 19:40:31",""
"1Vh5e000007kSoACAU","0","UsersWithAssignPermSet","2021-07-29 19:40:31","0055e000005L2LGAA0","2021-07-29 19:40:31","0055e000005L2LGAA0","2021-07-29 19:40:31","418ab1697ce341439a76dc882b38eaae","569962f9d0b7469d82cbffdeefe8197d","00D5e000003QuLu","Revature","UsersWithAssignPermSet","wsempathy@brave-shark-5267fr.com","wsempathy@yahoo.com","Standard","System Administrator","User Profile","Added","2021-07-29 19:40:31","-"
"1Vh5e000007kSoBCAU","0","UsersWithAssignPermSet","2021-07-29 19:40:31","0055e000005L2LGAA0","2021-07-29 19:40:31","0055e000005L2LGAA0","2021-07-29 19:40:31","418ab1697ce341439a76dc882b38eaae","7df4f9d9c2a14ca388f5b6c538129325","00D5e000003QuLu","Trialforce inc","UsersWithAssignPermSet","0tt1k000008oo1awaw_0tv1k000000fxkywaa@trialforce.com","TrialForceDOTs@salesforce.com","Standard","System Administrator","User Profile","Removed","2021-07-29 19:40:31",""
"1Vh5e000007kSojCAE","0","UsersWithManagePasswordPolicyPerm","2021-07-29 19:40:31","0055e000005L2LGAA0","2021-07-29 19:40:31","0055e000005L2LGAA0","2021-07-29 19:40:31","e3bea4dc36224ebf908b4f084bf6e4fa","213f1aeb39c24c71b21f025ab44b1316","00D5e000003QuLu","Revature","UsersWithManagePasswordPolicyPerm","wsempathy@brave-shark-5267fr.com","wsempathy@yahoo.com","Standard","System Administrator","User Profile","Added","2021-07-29 19:40:31","-"
"1Vh5e000007kSokCAE","0","UsersWithManagePasswordPolicyPerm","2021-07-29 19:40:31","0055e000005L2LGAA0","2021-07-29 19:40:31","0055e000005L2LGAA0","2021-07-29 19:40:31","e3bea4dc36224ebf908b4f084bf6e4fa","95d0ff6be68d429095b6feefc631bad8","00D5e000003QuLu","Trialforce inc","UsersWithManagePasswordPolicyPerm","0tt1k000008oo1awaw_0tv1k000000fxkywaa@trialforce.com","TrialForceDOTs@salesforce.com","Standard","System Administrator","User Profile","Removed","2021-07-29 19:40:31",""
"1Vh5e000007kSolCAE","0","UsersWithManageInternalUsersPerm","2021-07-29 19:40:31","0055e000005L2LGAA0","2021-07-29 19:40:31","0055e000005L2LGAA0","2021-07-29 19:40:31","833e9f05afd3474b829a43fb9314270b","0877a872da754a42b561e9024cea32a1","00D5e000003QuLu","Revature","UsersWithManageInternalUsersPerm","wsempathy@brave-shark-5267fr.com","wsempathy@yahoo.com","Standard","System Administrator","User Profile","Added","2021-07-29 19:40:31","-"
"1Vh5e000007kSomCAE","0","UsersWithManageInternalUsersPerm","2021-07-29 19:40:31","0055e000005L2LGAA0","2021-07-29 19:40:31","0055e000005L2LGAA0","2021-07-29 19:40:31","833e9f05afd3474b829a43fb9314270b","c0da2015fe1b42db8b61c11bac56b688","00D5e000003QuLu","Trialforce inc","UsersWithManageInternalUsersPerm","0tt1k000008oo1awaw_0tv1k000000fxkywaa@trialforce.com","TrialForceDOTs@salesforce.com","Standard","System Administrator","User Profile","Removed","2021-07-29 19:40:31",""
"1Vh5e000007kSpPCAU","0","UsersWithAuthorApexPerm","2021-07-29 19:40:31","0055e000005L2LGAA0","2021-07-29 19:40:31","0055e000005L2LGAA0","2021-07-29 19:40:31","ef079c23b7c7419ab9657e5b7f362f5b","be50b3c2f775410a9583d30e55539c4d","00D5e000003QuLu","Revature","UsersWithAuthorApexPerm","wsempathy@brave-shark-5267fr.com","wsempathy@yahoo.com","Standard","System Administrator","User Profile","Added","2021-07-29 19:40:31","-"
"1Vh5e000007kSpQCAU","0","UsersWithAuthorApexPerm","2021-07-29 19:40:31","0055e000005L2LGAA0","2021-07-29 19:40:31","0055e000005L2LGAA0","2021-07-29 19:40:31","ef079c23b7c7419ab9657e5b7f362f5b","3804b5982dc947258c74963e8b199298","00D5e000003QuLu","Trialforce inc","UsersWithAuthorApexPerm","0tt1k000008oo1awaw_0tv1k000000fxkywaa@trialforce.com","TrialForceDOTs@salesforce.com","Standard","System Administrator","User Profile","Removed","2021-07-29 19:40:31",""
"1Vh5e000007kSqBCAU","0","UsersWithManageRolesPerm","2021-07-29 19:40:31","0055e000005L2LGAA0","2021-07-29 19:40:31","0055e000005L2LGAA0","2021-07-29 19:40:31","ba0b65dec7644bb489e6d1bbcb6df40c","6afe49adb4f345bdbb72f80e14fabf76","00D5e000003QuLu","Revature","UsersWithManageRolesPerm","wsempathy@brave-shark-5267fr.com","wsempathy@yahoo.com","Standard","System Administrator","User Profile","Added","2021-07-29 19:40:31","-"
"1Vh5e000007kSqCCAU","0","UsersWithManageRolesPerm","2021-07-29 19:40:31","0055e000005L2LGAA0","2021-07-29 19:40:31","0055e000005L2LGAA0","2021-07-29 19:40:31","ba0b65dec7644bb489e6d1bbcb6df40c","652dfadfa1dd4138b96c4c88618b90aa","00D5e000003QuLu","Trialforce inc","UsersWithManageRolesPerm","0tt1k000008oo1awaw_0tv1k000000fxkywaa@trialforce.com","TrialForceDOTs@salesforce.com","Standard","System Administrator","User Profile","Removed","2021-07-29 19:40:31",""
"1Vh5e000007kSvVCAU","0","UsersWithManageProfilePermSet","2021-07-29 19:40:31","0055e000005L2LGAA0","2021-07-29 19:40:31","0055e000005L2LGAA0","2021-07-29 19:40:31","22f2b85cb2c4432db07c9abd2f4fb09d","34bf26f40b41453a83512cd3c9c575fd","00D5e000003QuLu","Revature","UsersWithManageProfilePermSet","wsempathy@brave-shark-5267fr.com","wsempathy@yahoo.com","Standard","System Administrator","User Profile","Added","2021-07-29 19:40:31","-"
"1Vh5e000007kSvWCAU","0","UsersWithManageProfilePermSet","2021-07-29 19:40:31","0055e000005L2LGAA0","2021-07-29 19:40:31","0055e000005L2LGAA0","2021-07-29 19:40:31","22f2b85cb2c4432db07c9abd2f4fb09d","38b9e8d5159f404a889fc44280cb5869","00D5e000003QuLu","Trialforce inc","UsersWithManageProfilePermSet","0tt1k000008oo1awaw_0tv1k000000fxkywaa@trialforce.com","TrialForceDOTs@salesforce.com","Standard","System Administrator","User Profile","Removed","2021-07-29 19:40:31",""
"1Vh5e000007kSvaCAE","0","UsersWithManageUsersPerm","2021-07-29 19:40:31","0055e000005L2LGAA0","2021-07-29 19:40:31","0055e000005L2LGAA0","2021-07-29 19:40:31","6bcedccb961344e19e7566879c073833","eaf1cd0a2b5d408f857b97edb540e7e9","00D5e000003QuLu","Revature","UsersWithManageUsersPerm","wsempathy@brave-shark-5267fr.com","wsempathy@yahoo.com","Standard","System Administrator","User Profile","Added","2021-07-29 19:40:31","-"
"1Vh5e000007kSvbCAE","0","UsersWithManageUsersPerm","2021-07-29 19:40:31","0055e000005L2LGAA0","2021-07-29 19:40:31","0055e000005L2LGAA0","2021-07-29 19:40:31","6bcedccb961344e19e7566879c073833","d5481e9445294450bc7cf4f51410b14a","00D5e000003QuLu","Trialforce inc","UsersWithManageUsersPerm","0tt1k000008oo1awaw_0tv1k000000fxkywaa@trialforce.com","TrialForceDOTs@salesforce.com","Standard","System Administrator","User Profile","Removed","2021-07-29 19:40:31",""
"1Vh5e000007kSvcCAE","0","UsersWithCustomizeAppPerm","2021-07-29 19:40:31","0055e000005L2LGAA0","2021-07-29 19:40:31","0055e000005L2LGAA0","2021-07-29 19:40:31","ec83ceb00caa40fc8563f8f23e9f1959","946dbbc6830e4be8b75af94cd543651e","00D5e000003QuLu","Revature","UsersWithCustomizeAppPerm","wsempathy@brave-shark-5267fr.com","wsempathy@yahoo.com","Standard","System Administrator","User Profile","Added","2021-07-29 19:40:31","-"
"1Vh5e000007kSvdCAE","0","UsersWithCustomizeAppPerm","2021-07-29 19:40:31","0055e000005L2LGAA0","2021-07-29 19:40:31","0055e000005L2LGAA0","2021-07-29 19:40:31","ec83ceb00caa40fc8563f8f23e9f1959","aac5193e63f34759a33fe121f98f3ec8","00D5e000003QuLu","Trialforce inc","UsersWithCustomizeAppPerm","0tt1k000008oo1awaw_0tv1k000000fxkywaa@trialforce.com","TrialForceDOTs@salesforce.com","Standard","System Administrator","User Profile","Removed","2021-07-29 19:40:31",""
"1Vh5e000007kSvfCAE","0","UsersWithPasswordNeverExpiresPerm","2021-07-29 19:40:31","0055e000005L2LGAA0","2021-07-29 19:40:31","0055e000005L2LGAA0","2021-07-29 19:40:31","703ff2926d874a3ab3258e978e4f3733","3f9f7a3a03e646f697f5598f0a63b195","00D5e000003QuLu","Revature","UsersWithPasswordNeverExpiresPerm","integration@00d5e000003qulueak.com","integration@example.com","Standard","Analytics Cloud Integration User","User Profile","Added","2021-07-29 19:40:31","-"
"1Vh5e000007kSvgCAE","0","UsersWithPasswordNeverExpiresPerm","2021-07-29 19:40:31","0055e000005L2LGAA0","2021-07-29 19:40:31","0055e000005L2LGAA0","2021-07-29 19:40:31","703ff2926d874a3ab3258e978e4f3733","4a175af701f04375858df12179308af6","00D5e000003QuLu","Revature","UsersWithPasswordNeverExpiresPerm","insightssecurity@00d5e000003qulueak.com","insightssecurity@example.com","Standard","Analytics Cloud Security User","User Profile","Added","2021-07-29 19:40:31","-"
"1Vh5e000007kSvhCAE","0","UsersWithPasswordNeverExpiresPerm","2021-07-29 19:40:31","0055e000005L2LGAA0","2021-07-29 19:40:31","0055e000005L2LGAA0","2021-07-29 19:40:31","703ff2926d874a3ab3258e978e4f3733","dc97a1fd1b6c4034987bbe6e32215771","00D5e000003QuLu","Trialforce inc","UsersWithPasswordNeverExpiresPerm","insightssecurity@00d1k000002nd6uuaq.com","insightssecurity@example.com","Standard","Analytics Cloud Security User","User Profile","Removed","2021-07-29 19:40:31",""
"1Vh5e000007kSviCAE","0","UsersWithPasswordNeverExpiresPerm","2021-07-29 19:40:31","0055e000005L2LGAA0","2021-07-29 19:40:31","0055e000005L2LGAA0","2021-07-29 19:40:31","703ff2926d874a3ab3258e978e4f3733","8ba5dfc1703c460db2fbdf0905d6bf9f","00D5e000003QuLu","Trialforce inc","UsersWithPasswordNeverExpiresPerm","integration@00d1k000002nd6uuaq.com","integration@example.com","Standard","Analytics Cloud Integration User","User Profile","Removed","2021-07-29 19:40:31",""
"1Vh5e000007kSvjCAE","0","UsersWithPasswordNeverExpiresPerm","2021-07-29 19:40:31","0055e000005L2LGAA0","2021-07-29 19:40:31","0055e000005L2LGAA0","2021-07-29 19:40:31","703ff2926d874a3ab3258e978e4f3733","813676c898f247f89e75f2bb54c42955","00D5e000003QuLu","Trialforce inc","UsersWithPasswordNeverExpiresPerm","chatty.00d1k000002nd6uuaq.qktwopqqfmg7@chatter.salesforce.com","noreply@chatter.salesforce.com","CsnOnly","Chatter Free User","User Profile","Removed","2021-07-29 19:40:31",""
"1Vh5e000007kSvlCAE","0","UsersWithMAD","2021-07-29 19:40:31","0055e000005L2LGAA0","2021-07-29 19:40:31","0055e000005L2LGAA0","2021-07-29 19:40:31","de5fa11655ba40ba97f02e194f903cbb","a8a1e5909d214f689de05e009220a150","00D5e000003QuLu","Revature","UsersWithMAD","wsempathy@brave-shark-5267fr.com","wsempathy@yahoo.com","Standard","System Administrator","User Profile","Added","2021-07-29 19:40:31","-"
"1Vh5e000007kSvmCAE","0","UsersWithMAD","2021-07-29 19:40:31","0055e000005L2LGAA0","2021-07-29 19:40:31","0055e000005L2LGAA0","2021-07-29 19:40:31","de5fa11655ba40ba97f02e194f903cbb","fe18bd3396e54ef48c28b058b373427c","00D5e000003QuLu","Trialforce inc","UsersWithMAD","0tt1k000008oo1awaw_0tv1k000000fxkywaa@trialforce.com","TrialForceDOTs@salesforce.com","Standard","System Administrator","User Profile","Removed","2021-07-29 19:40:31",""
"1Vh5e000007kSvqCAE","0","UsersWithResetPasswordPerm","2021-07-29 19:40:31","0055e000005L2LGAA0","2021-07-29 19:40:31","0055e000005L2LGAA0","2021-07-29 19:40:31","a78bfbe7113c407e9aeb7134d5a91aab","78239659afa841e1969b0f7501af5df3","00D5e000003QuLu","Revature","UsersWithResetPasswordPerm","wsempathy@brave-shark-5267fr.com","wsempathy@yahoo.com","Standard","System Administrator","User Profile","Added","2021-07-29 19:40:31","-"
"1Vh5e000007kSvrCAE","0","UsersWithResetPasswordPerm","2021-07-29 19:40:31","0055e000005L2LGAA0","2021-07-29 19:40:31","0055e000005L2LGAA0","2021-07-29 19:40:31","a78bfbe7113c407e9aeb7134d5a91aab","3b590a913f6e463f9eb85ce6d80639b2","00D5e000003QuLu","Trialforce inc","UsersWithResetPasswordPerm","0tt1k000008oo1awaw_0tv1k000000fxkywaa@trialforce.com","TrialForceDOTs@salesforce.com","Standard","System Administrator","User Profile","Removed","2021-07-29 19:40:31",""
"1Vh5e000007kSvvCAE","0","UsersWithManageSharingPerm","2021-07-29 19:40:31","0055e000005L2LGAA0","2021-07-29 19:40:31","0055e000005L2LGAA0","2021-07-29 19:40:31","edeb51e2a0784d1493f87f2798137baa","70bf7c74cf2d4721b08916329b497851","00D5e000003QuLu","Revature","UsersWithManageSharingPerm","wsempathy@brave-shark-5267fr.com","wsempathy@yahoo.com","Standard","System Administrator","User Profile","Added","2021-07-29 19:40:31","-"
"1Vh5e000007kSvwCAE","0","UsersWithManageSharingPerm","2021-07-29 19:40:31","0055e000005L2LGAA0","2021-07-29 19:40:31","0055e000005L2LGAA0","2021-07-29 19:40:31","edeb51e2a0784d1493f87f2798137baa","00eed6b567b949c7acafbc4faaa0ab27","00D5e000003QuLu","Trialforce inc","UsersWithManageSharingPerm","0tt1k000008oo1awaw_0tv1k000000fxkywaa@trialforce.com","TrialForceDOTs@salesforce.com","Standard","System Administrator","User Profile","Removed","2021-07-29 19:40:31",""
"1Vh5e000007kSw0CAE","0","UsersWithVAD","2021-07-29 19:40:31","0055e000005L2LGAA0","2021-07-29 19:40:31","0055e000005L2LGAA0","2021-07-29 19:40:31","4658103eb81e4fe28825eb3421e802fd","72be02646a3240e6b9bba56d44901304","00D5e000003QuLu","Trialforce inc","UsersWithVAD","integration@00d1k000002nd6uuaq.com","integration@example.com","Standard","Analytics Cloud Integration User","User Profile","Removed","2021-07-29 19:40:31",""
