"Id","IsDeleted","Name","CreatedDate","CreatedById","LastModifiedDate","LastModifiedById","SystemModstamp","MetricIdentifier","DetailIdentifier","Tenant","TenantName","MetricsType","Username","UserEmail","LoginCount","LastLoginDate"
"7Te5e000009EYepCAG","0","LoginsWithSSO","2021-07-29 09:45:55","0055e000005L2LGAA0","2021-07-29 09:45:55","0055e000005L2LGAA0","2021-07-29 09:45:55","e39924f4fe294428806f6eeda71f3127","500f9f8eaed243d5ac4efdf484e87614","00D5e000003QuLu","Salesforce.com, Inc.","LoginsWithSSO","admin@trailhead.de","dbitting@salesforce.com","2","2021-01-26 22:37:21"
"7Te5e000009EYeqCAG","0","LoginsWithSSO","2021-07-29 09:45:55","0055e000005L2LGAA0","2021-07-29 09:45:55","0055e000005L2LGAA0","2021-07-29 09:45:55","e89a0333049843748bd625bec915cbc5","62d0324a8b954e17bbf4cc3dbe8c53b3","00D5e000003QuLu","Salesforce.com, Inc.","LoginsWithSSO","admin@trailhead.de","dbitting@salesforce.com","1","2021-01-27 17:38:21"
"7Te5e000009EYerCAG","0","LoginsWithSSO","2021-07-29 09:45:55","0055e000005L2LGAA0","2021-07-29 09:45:55","0055e000005L2LGAA0","2021-07-29 09:45:55","65cff6b293d34e83b9737e88be2720f3","4c8492f8b5324c5aacbdfa7cd13deecd","00D5e000003QuLu","Salesforce.com, Inc.","LoginsWithSSO","admin@trailhead.de","dbitting@salesforce.com","2","2020-11-05 21:46:25"
"7Te5e000009EYesCAG","0","LoginsWithSSO","2021-07-29 09:45:55","0055e000005L2LGAA0","2021-07-29 09:45:55","0055e000005L2LGAA0","2021-07-29 09:45:55","47ff1d9b415c41ab91710cd609f1ae10","9ee775afddd244c2bb0cb8dd7c4f64f8","00D5e000003QuLu","Salesforce.com, Inc.","LoginsWithSSO","admin@trailhead.de","dbitting@salesforce.com","1","2020-12-02 23:49:15"
"7Te5e000009EYetCAG","0","LoginsWithSSO","2021-07-29 09:45:55","0055e000005L2LGAA0","2021-07-29 09:45:55","0055e000005L2LGAA0","2021-07-29 09:45:55","dc18e1d6130e4a15a9cf2c06aae29202","b61570bd36e247b091a4886003bed84a","00D5e000003QuLu","Salesforce.com, Inc.","LoginsWithSSO","admin@trailhead.de","dbitting@salesforce.com","1","2021-01-12 22:01:16"
"7Te5e000009EYeuCAG","0","LoginsWithSSO","2021-07-29 09:45:55","0055e000005L2LGAA0","2021-07-29 09:45:55","0055e000005L2LGAA0","2021-07-29 09:45:55","7722fd909b8a4b1984ecfac19b7c2f2f","48f360a6d7204d69834d1bed10641688","00D5e000003QuLu","Salesforce.com, Inc.","LoginsWithSSO","admin@trailhead.de","dbitting@salesforce.com","2","2021-01-20 21:19:53"
"7Te5e000009F5ujCAC","0","LoginsWithSSO","2021-07-30 16:45:00","0055e000005L2LGAA0","2021-07-30 16:45:00","0055e000005L2LGAA0","2021-07-30 16:45:00","90659fa8cdd54f55bab90064821969ad","ee9cd2d0a4114ded97b2f78a55108646","00D5e000003QuLu","Revature","LoginsWithSSO","wsempathy@brave-shark-5267fr.com","wsempathy@yahoo.com","4","2021-07-29 17:42:22"
"7Te5e000009FLjrCAG","0","LoginsWithSSO","2021-07-31 17:20:50","0055e000005L2LGAA0","2021-07-31 17:20:50","0055e000005L2LGAA0","2021-07-31 17:20:50","6cd3a6ef798f4e0994a8b70d627e57b4","9fea91c704f740d98e633c42a36a04bc","00D5e000003QuLu","Revature","LoginsWithSSO","wsempathy@brave-shark-5267fr.com","wsempathy@yahoo.com","4","2021-07-30 20:44:39"
"7Te5e000009FS7ACAW","0","LoginsWithSSO","2021-08-01 16:08:30","0055e000005L2LGAA0","2021-08-01 16:08:30","0055e000005L2LGAA0","2021-08-01 16:08:30","d82ce7e7981c4717810222621ad0c2fe","f82f849684fc46a5b0e763a99994bcdf","00D5e000003QuLu","Revature","LoginsWithSSO","wsempathy@brave-shark-5267fr.com","wsempathy@yahoo.com","6","2021-07-31 17:41:36"
"7Te5e000009FipLCAS","0","LoginsWithSSO","2021-08-02 18:29:17","0055e000005L2LGAA0","2021-08-02 18:29:17","0055e000005L2LGAA0","2021-08-02 18:29:17","de6ca2b715fb4f319711f78a629aa15a","1a1019f8bf094f7c94d4514b359ef3ea","00D5e000003QuLu","Revature","LoginsWithSSO","wsempathy@brave-shark-5267fr.com","wsempathy@yahoo.com","3","2021-08-01 23:25:41"
"7Te5e000009G8q8CAC","0","LoginsWithSSO","2021-08-03 17:13:50","0055e000005L2LGAA0","2021-08-03 17:13:50","0055e000005L2LGAA0","2021-08-03 17:13:50","bda519e49330490cbeb10b73e988013d","49bf5fb61cec48e5b994f355e4366087","00D5e000003QuLu","Revature","LoginsWithSSO","wsempathy@brave-shark-5267fr.com","wsempathy@yahoo.com","9","2021-08-02 19:10:47"
"7Te5e00000AIY0kCAH","0","LoginsWithUNPW","2021-08-07 16:12:47","0055e000005L2LGAA0","2021-08-07 16:12:47","0055e000005L2LGAA0","2021-08-07 16:12:47","f72152429b264ed5aa4b4a7ea9ff5a56","a4e2c3f06a7042b29677c5a8562f827c","00D5e000003QuLu","Revature","LoginsWithUNPW","wsempathy@brave-shark-5267fr.com","wsempathy@yahoo.com","1","2021-08-06 18:51:16"
"7Te5e00000AIY0pCAH","0","LoginsWithSSO","2021-08-07 16:12:47","0055e000005L2LGAA0","2021-08-07 16:12:47","0055e000005L2LGAA0","2021-08-07 16:12:47","dca6d3ee1b294bc2b059e58d6240b53b","b56e846a8292486d8c4ff53968704222","00D5e000003QuLu","Revature","LoginsWithSSO","wsempathy@brave-shark-5267fr.com","wsempathy@yahoo.com","5","2021-08-06 19:05:25"
"7Te5e00000AJOPICA5","0","LoginsWithSSO","2021-08-10 17:03:08","0055e000005L2LGAA0","2021-08-10 17:03:08","0055e000005L2LGAA0","2021-08-10 17:03:08","a733f6c45caa419fa92c73beda0db352","8640fb05e66848cb9138bb068d22e043","00D5e000003QuLu","Revature","LoginsWithSSO","wsempathy@brave-shark-5267fr.com","wsempathy@yahoo.com","3","2021-08-09 23:52:28"
"7Te5e00000AK6BDCA1","0","LoginsWithUNPW","2021-08-11 21:39:18","0055e000005L2LGAA0","2021-08-11 21:39:18","0055e000005L2LGAA0","2021-08-11 21:39:18","0931080d73d84a4196fcbeb9ce4ca81a","ad41d4547aed49ccbc3476695700dd4f","00D5e000003QuLu","Revature","LoginsWithUNPW","wsempathy@brave-shark-5267fr.com","wsempathy@yahoo.com","1","2021-08-10 13:39:46"
"7Te5e00000AK6BICA1","0","LoginsWithSSO","2021-08-11 21:39:18","0055e000005L2LGAA0","2021-08-11 21:39:18","0055e000005L2LGAA0","2021-08-11 21:39:18","c60fd335db824e19b31a92b1d7efa224","02fa6de716ca477f9a862a1f58f02d7c","00D5e000003QuLu","Revature","LoginsWithSSO","wsempathy@brave-shark-5267fr.com","wsempathy@yahoo.com","6","2021-08-10 21:34:26"
"7Te5e00000AKP4DCAX","0","LoginsWithSSO","2021-08-12 18:44:48","0055e000005L2LGAA0","2021-08-12 18:44:48","0055e000005L2LGAA0","2021-08-12 18:44:48","f923bf24ba584104ba003bc63ecbe6ab","abf8bff2ba384c09a6141bf486277ef0","00D5e000003QuLu","Revature","LoginsWithSSO","wsempathy@brave-shark-5267fr.com","wsempathy@yahoo.com","2","2021-08-11 16:26:03"
"7Te5e00000AL1i0CAD","0","LoginsWithSSO","2021-08-14 15:19:35","0055e000005L2LGAA0","2021-08-14 15:19:35","0055e000005L2LGAA0","2021-08-14 15:19:35","7524937d39fa4272b16b22b344023412","43fd2744485f4e0f811108fcbd81d46a","00D5e000003QuLu","Revature","LoginsWithSSO","wsempathy@brave-shark-5267fr.com","wsempathy@yahoo.com","4","2021-08-13 17:56:54"
"7Te5e00000ApqWMCAZ","0","LoginsWithUNPW","2021-08-16 19:26:43","0055e000005L2LGAA0","2021-08-16 19:26:43","0055e000005L2LGAA0","2021-08-16 19:26:43","4919beb1d45d486aa8483bb98d65234a","7b70c1c3362e426fa5181b4d0b5a5c29","00D5e000003QuLu","Revature","LoginsWithUNPW","wsempathy@brave-shark-5267fr.com","wsempathy@yahoo.com","1","2021-08-15 20:43:41"
"7Te5e00000ApqWRCAZ","0","LoginsWithSSO","2021-08-16 19:26:43","0055e000005L2LGAA0","2021-08-16 19:26:43","0055e000005L2LGAA0","2021-08-16 19:26:43","0015d3ccca9740fc879c4299ac6b5fb6","fb35e971749744159895b3bb216ce2e3","00D5e000003QuLu","Revature","LoginsWithSSO","wsempathy@brave-shark-5267fr.com","wsempathy@yahoo.com","3","2021-08-15 21:22:00"
"7Te5e00000AqHHDCA3","0","LoginsWithSSO","2021-08-17 17:53:58","0055e000005L2LGAA0","2021-08-17 17:53:58","0055e000005L2LGAA0","2021-08-17 17:53:58","4672dc41e519434fb0f9b3b819778078","1185efdbec4d422887b3805a0b163f57","00D5e000003QuLu","Revature","LoginsWithSSO","wsempathy@brave-shark-5267fr.com","wsempathy@yahoo.com","1","2021-08-16 14:28:00"
"7Te5e00000AqRDDCA3","0","LoginsWithSSO","2021-08-18 15:40:38","0055e000005L2LGAA0","2021-08-18 15:40:38","0055e000005L2LGAA0","2021-08-18 15:40:38","ed255dd0ef1d432b807e0342c2685c23","1b86cd32f20c4111bbee865e638b85ef","00D5e000003QuLu","Revature","LoginsWithSSO","wsempathy@brave-shark-5267fr.com","wsempathy@yahoo.com","6","2021-08-17 22:55:40"
"7Te5e00000AqRFgCAN","0","LoginsWithUNPW","2021-08-18 15:40:38","0055e000005L2LGAA0","2021-08-18 15:40:38","0055e000005L2LGAA0","2021-08-18 15:40:38","2aa270bcd49a4ea4a8f780cb53aa0e18","6bfc0ff11a0c478bac6b42a385d3aa91","00D5e000003QuLu","Revature","LoginsWithUNPW","wsempathy@brave-shark-5267fr.com","wsempathy@yahoo.com","2","2021-08-17 21:47:14"
"7Te5e00000AqTRPCA3","0","LoginsWithSSO","2021-08-20 15:32:46","0055e000005L2LGAA0","2021-08-20 15:32:46","0055e000005L2LGAA0","2021-08-20 15:32:46","23f371bf7b33496c8bce4f190635a0a9","106b81ee8ef3409a96dd7e581f028ab3","00D5e000003QuLu","Revature","LoginsWithSSO","wsempathy@brave-shark-5267fr.com","wsempathy@yahoo.com","6","2021-08-19 21:31:25"
"7Te5e00000AqViBCAV","0","LoginsWithSSO","2021-08-21 18:17:20","0055e000005L2LGAA0","2021-08-21 18:17:20","0055e000005L2LGAA0","2021-08-21 18:17:20","a54604f4601549538c2a99cdbeb283a8","82c55616047049eaa0bb9fa3d6577513","00D5e000003QuLu","Revature","LoginsWithSSO","wsempathy@brave-shark-5267fr.com","wsempathy@yahoo.com","1","2021-08-20 14:19:12"
