"Id","IsDeleted","Name","CreatedDate","CreatedById","LastModifiedDate","LastModifiedById","SystemModstamp","MetricIdentifier","DetailIdentifier","Tenant","TenantName","MetricsType","PackageName","Publisher","Action","Version","NamespacePrefix","ReleaseStatus","AppExchangeReady","ActionDate"
"7T25e000005av11CAA","0","InstalledManagedPackages","2021-07-29 09:45:55","0055e000005L2LGAA0","2021-07-29 09:45:55","0055e000005L2LGAA0","2021-07-29 09:45:55","bd9c686650cd4a42b42e426803c1a80a","b23925e7169f4627966a02de9b05bae5","00D5e000003QuLu","Salesforce.com, Inc.","InstalledManagedPackages","Playground Starter","salesforce","Removed","1.1.0","trlhdtips","Beta","0","2021-02-11 09:06:08"
"7T25e000005av12CAA","0","InstalledManagedPackages","2021-07-29 09:45:55","0055e000005L2LGAA0","2021-07-29 09:45:55","0055e000005L2LGAA0","2021-07-29 09:45:55","c51c9a72ec694d7886c514650cfdc2a6","b5fde17255db4c889b427799cd8408e8","00D5e000003QuLu","Salesforce.com, Inc.","InstalledManagedPackages","Playground Starter","salesforce","Removed","1.0.0","trlhdtips","Released","0","2021-01-27 09:01:38"
"7T25e000005av13CAA","0","InstalledManagedPackages","2021-07-29 09:45:55","0055e000005L2LGAA0","2021-07-29 09:45:55","0055e000005L2LGAA0","2021-07-29 09:45:55","14d1f39ce2fe4f87a5d5acf33143ccf5","93627e66264e4622b3652783bb80d629","00D5e000003QuLu","Salesforce.com, Inc.","InstalledManagedPackages","Playground Starter","salesforce","Added","1.0.0","trlhdtips","Released","0","2020-01-08 21:19:20"
"7T25e000005av14CAA","0","InstalledManagedPackages","2021-07-29 09:45:55","0055e000005L2LGAA0","2021-07-29 09:45:55","0055e000005L2LGAA0","2021-07-29 09:45:55","14d1f39ce2fe4f87a5d5acf33143ccf5","8896035954c349d5a81a04f0cd5162af","00D5e000003QuLu","Salesforce.com, Inc.","InstalledManagedPackages","Salesforce Connected Apps","Salesforce.com","Added","1.7.0","sf_com_apps","Released","0","2020-01-16 17:19:52"
"7T25e000005av15CAA","0","InstalledManagedPackages","2021-07-29 09:45:55","0055e000005L2LGAA0","2021-07-29 09:45:55","0055e000005L2LGAA0","2021-07-29 09:45:55","c51c9a72ec694d7886c514650cfdc2a6","f28fd2116461445b804a298bcae4d984","00D5e000003QuLu","Salesforce.com, Inc.","InstalledManagedPackages","Playground Starter","salesforce","Added","1.1.0","trlhdtips","Beta","0","2021-01-26 22:17:28"
"7T25e000005av16CAA","0","InstalledManagedPackages","2021-07-29 09:45:55","0055e000005L2LGAA0","2021-07-29 09:45:55","0055e000005L2LGAA0","2021-07-29 09:45:55","bd9c686650cd4a42b42e426803c1a80a","b134bd2967e144f199f1bd5ea7f0b237","00D5e000003QuLu","Trialforce inc","InstalledManagedPackages","Playground Starter","salesforce","Added","1.1.0","trlhdtips","Released","0","2021-02-10 19:42:21"
