"Id","IsDeleted","Name","CreatedDate","CreatedById","LastModifiedDate","LastModifiedById","SystemModstamp","MetricIdentifier","DetailIdentifier","Tenant","TenantName","MetricsType","AppName","AuthorizedBy","Scope","Version","Action","ActionBy","ActionDate","AuthorizedDate","LastUsedDate","Publisher"
"4UI5e000005bCm7GAE","0","ConnectedApp","2021-07-29 09:45:55","0055e000005L2LGAA0","2021-07-29 09:45:55","0055e000005L2LGAA0","2021-07-29 09:45:55","190630761a57430e88eef07a277a1f69","884950b7ede24d929bc153edbabd5208","00D5e000003QuLu","Trialforce inc","ConnectedApp","Force.com IDE","autoproc@00d1k000002nd6uuaq","api, id","5.0","Updated","autoproc@00d1k000002nd6uuaq","2021-02-10 19:42:21","2021-02-10 19:42:21","","No"
"4UI5e000005bCm8GAE","0","ConnectedApp","2021-07-29 09:45:55","0055e000005L2LGAA0","2021-07-29 09:45:55","0055e000005L2LGAA0","2021-07-29 09:45:55","be8be908feba4832a86a7ad08c509f6a","e3280e0411f946fd947326f989f913a4","00D5e000003QuLu","Salesforce.com, Inc.","ConnectedApp","Force.com IDE","autoproc@00d41000000f47yeas","id, api","5.0","Added","autoproc@00d41000000f47yeas","2020-01-16 17:19:05","2020-01-16 17:19:05","","No"
"4UI5e000005bCm9GAE","0","ConnectedApp","2021-07-29 09:45:55","0055e000005L2LGAA0","2021-07-29 09:45:55","0055e000005L2LGAA0","2021-07-29 09:45:55","be8be908feba4832a86a7ad08c509f6a","0825c83a01ed44b585e259165d4b3c79","00D5e000003QuLu","Salesforce.com, Inc.","ConnectedApp","Dataloader Partner","autoproc@00d41000000f47yeas","id, api","7.0","Added","autoproc@00d41000000f47yeas","2020-01-16 17:18:58","2020-01-16 17:18:58","","No"
"4UI5e000005bCmAGAU","0","ConnectedApp","2021-07-29 09:45:55","0055e000005L2LGAA0","2021-07-29 09:45:55","0055e000005L2LGAA0","2021-07-29 09:45:55","be8be908feba4832a86a7ad08c509f6a","7372bee1620344528da72a96d0fa9100","00D5e000003QuLu","Salesforce.com, Inc.","ConnectedApp","Salesforce for Outlook","autoproc@00d41000000f47yeas","web, id, refresh_token, api","7.0","Added","autoproc@00d41000000f47yeas","2020-01-16 17:19:38","2020-01-16 17:19:38","","No"
"4UI5e000005bCmBGAU","0","ConnectedApp","2021-07-29 09:45:55","0055e000005L2LGAA0","2021-07-29 09:45:55","0055e000005L2LGAA0","2021-07-29 09:45:55","be8be908feba4832a86a7ad08c509f6a","f47d2c43be9c44df9ed0f53dbdd4e675","00D5e000003QuLu","Salesforce.com, Inc.","ConnectedApp","Salesforce Touch","autoproc@00d41000000f47yeas","refresh_token, id, web, api","8.0","Added","autoproc@00d41000000f47yeas","2020-01-16 17:19:30","2020-01-16 17:19:30","","No"
"4UI5e000005bCmCGAU","0","ConnectedApp","2021-07-29 09:45:55","0055e000005L2LGAA0","2021-07-29 09:45:55","0055e000005L2LGAA0","2021-07-29 09:45:55","be8be908feba4832a86a7ad08c509f6a","658c2a0eebbc4d95984ab8b7093d4366","00D5e000003QuLu","Salesforce.com, Inc.","ConnectedApp","Salesforce Mobile Dashboards","autoproc@00d41000000f47yeas","visualforce, refresh_token, api, id","7.0","Added","autoproc@00d41000000f47yeas","2020-01-16 17:19:21","2020-01-16 17:19:21","","No"
"4UI5e000005bCmDGAU","0","ConnectedApp","2021-07-29 09:45:55","0055e000005L2LGAA0","2021-07-29 09:45:55","0055e000005L2LGAA0","2021-07-29 09:45:55","be8be908feba4832a86a7ad08c509f6a","80342837a7a24b55affbe1f8cc77afb3","00D5e000003QuLu","Salesforce.com, Inc.","ConnectedApp","Workbench","autoproc@00d41000000f47yeas","api, id, web","3.0","Added","autoproc@00d41000000f47yeas","2020-01-16 17:19:45","2020-01-16 17:19:45","","No"
"4UI5e000005bCmEGAU","0","ConnectedApp","2021-07-29 09:45:55","0055e000005L2LGAA0","2021-07-29 09:45:55","0055e000005L2LGAA0","2021-07-29 09:45:55","be8be908feba4832a86a7ad08c509f6a","30dfcc2882534145836955c3ae93ee03","00D5e000003QuLu","Salesforce.com, Inc.","ConnectedApp","Ant Migration Tool","autoproc@00d41000000f47yeas","api, id","5.0","Added","autoproc@00d41000000f47yeas","2020-01-16 17:19:14","2020-01-16 17:19:14","","No"
"4UI5e000005bCmFGAU","0","ConnectedApp","2021-07-29 09:45:55","0055e000005L2LGAA0","2021-07-29 09:45:55","0055e000005L2LGAA0","2021-07-29 09:45:55","be8be908feba4832a86a7ad08c509f6a","0c2a92f1d69b41e5b97c3fcb970de594","00D5e000003QuLu","Salesforce.com, Inc.","ConnectedApp","Dataloader Bulk","autoproc@00d41000000f47yeas","id, api","7.0","Added","autoproc@00d41000000f47yeas","2020-01-16 17:18:49","2020-01-16 17:18:49","","No"
"4UI5e000005bCmGGAU","0","ConnectedApp","2021-07-29 09:45:55","0055e000005L2LGAA0","2021-07-29 09:45:55","0055e000005L2LGAA0","2021-07-29 09:45:55","190630761a57430e88eef07a277a1f69","c07eab0a11c34c038f06571fe235463f","00D5e000003QuLu","Trialforce inc","ConnectedApp","Salesforce for Outlook","autoproc@00d1k000002nd6uuaq","web, api, refresh_token, id","7.0","Updated","autoproc@00d1k000002nd6uuaq","2021-02-10 19:42:21","2021-02-10 19:42:21","","No"
"4UI5e000005bCmHGAU","0","ConnectedApp","2021-07-29 09:45:55","0055e000005L2LGAA0","2021-07-29 09:45:55","0055e000005L2LGAA0","2021-07-29 09:45:55","190630761a57430e88eef07a277a1f69","8a0fae836ed44a65998f79d8695c426d","00D5e000003QuLu","Trialforce inc","ConnectedApp","Salesforce Touch","autoproc@00d1k000002nd6uuaq","api, id, web, refresh_token","8.0","Updated","autoproc@00d1k000002nd6uuaq","2021-02-10 19:42:21","2021-02-10 19:42:21","","No"
"4UI5e000005bCmIGAU","0","ConnectedApp","2021-07-29 09:45:55","0055e000005L2LGAA0","2021-07-29 09:45:55","0055e000005L2LGAA0","2021-07-29 09:45:55","190630761a57430e88eef07a277a1f69","3df5bde487c348768319fa5adff44ac6","00D5e000003QuLu","Trialforce inc","ConnectedApp","Salesforce Mobile Dashboards","autoproc@00d1k000002nd6uuaq","api, refresh_token, id, visualforce","7.0","Updated","autoproc@00d1k000002nd6uuaq","2021-02-10 19:42:21","2021-02-10 19:42:21","","No"
"4UI5e000005bCmJGAU","0","ConnectedApp","2021-07-29 09:45:55","0055e000005L2LGAA0","2021-07-29 09:45:55","0055e000005L2LGAA0","2021-07-29 09:45:55","190630761a57430e88eef07a277a1f69","e4fafab82d284c0a9c13ad5b308a98e9","00D5e000003QuLu","Trialforce inc","ConnectedApp","Workbench","autoproc@00d1k000002nd6uuaq","api, web, id","3.0","Updated","autoproc@00d1k000002nd6uuaq","2021-02-10 19:42:21","2021-02-10 19:42:21","","No"
"4UI5e000005bCmKGAU","0","ConnectedApp","2021-07-29 09:45:55","0055e000005L2LGAA0","2021-07-29 09:45:55","0055e000005L2LGAA0","2021-07-29 09:45:55","190630761a57430e88eef07a277a1f69","720190e8bf2b460c94429772e1b97a33","00D5e000003QuLu","Trialforce inc","ConnectedApp","Ant Migration Tool","autoproc@00d1k000002nd6uuaq","id, api","5.0","Updated","autoproc@00d1k000002nd6uuaq","2021-02-10 19:42:21","2021-02-10 19:42:21","","No"
"4UI5e000005bKfZGAU","0","ConnectedApp","2021-07-29 19:40:31","0055e000005L2LGAA0","2021-07-29 19:40:31","0055e000005L2LGAA0","2021-07-29 19:40:31","33feeb1a1d4641ae9ff18345658841e3","a940e06cd50c4c098d4200b19bb076df","00D5e000003QuLu","Revature","ConnectedApp","Salesforce for Outlook","autoproc@00d5e000003qulueak","web, refresh_token, api, id","7.0","Updated","autoproc@00d5e000003qulueak","2021-07-29 09:45:55","2021-07-29 09:45:55","","No"
"4UI5e000005bKfaGAE","0","ConnectedApp","2021-07-29 19:40:31","0055e000005L2LGAA0","2021-07-29 19:40:31","0055e000005L2LGAA0","2021-07-29 19:40:31","33feeb1a1d4641ae9ff18345658841e3","263ce2ffcc6b4972ab668a56688691ab","00D5e000003QuLu","Revature","ConnectedApp","Salesforce Touch","autoproc@00d5e000003qulueak","id, web, refresh_token, api","8.0","Updated","autoproc@00d5e000003qulueak","2021-07-29 09:45:55","2021-07-29 09:45:55","","No"
"4UI5e000005bKfbGAE","0","ConnectedApp","2021-07-29 19:40:31","0055e000005L2LGAA0","2021-07-29 19:40:31","0055e000005L2LGAA0","2021-07-29 19:40:31","33feeb1a1d4641ae9ff18345658841e3","5e697c48c6b145e092ccb8030f772a89","00D5e000003QuLu","Revature","ConnectedApp","Salesforce Mobile Dashboards","autoproc@00d5e000003qulueak","id, api, refresh_token, visualforce","7.0","Updated","autoproc@00d5e000003qulueak","2021-07-29 09:45:55","2021-07-29 09:45:55","","No"
"4UI5e000005bKfcGAE","0","ConnectedApp","2021-07-29 19:40:31","0055e000005L2LGAA0","2021-07-29 19:40:31","0055e000005L2LGAA0","2021-07-29 19:40:31","33feeb1a1d4641ae9ff18345658841e3","923ec5ea4227417c97022f99e6e3ee76","00D5e000003QuLu","Revature","ConnectedApp","Workbench","autoproc@00d5e000003qulueak","id, api, web","3.0","Updated","autoproc@00d5e000003qulueak","2021-07-29 09:45:55","2021-07-29 09:45:55","","No"
"4UI5e000005bKfdGAE","0","ConnectedApp","2021-07-29 19:40:31","0055e000005L2LGAA0","2021-07-29 19:40:31","0055e000005L2LGAA0","2021-07-29 19:40:31","33feeb1a1d4641ae9ff18345658841e3","15f3831b438f408d9413892dc1fc290f","00D5e000003QuLu","Revature","ConnectedApp","Ant Migration Tool","autoproc@00d5e000003qulueak","api, id","5.0","Updated","autoproc@00d5e000003qulueak","2021-07-29 09:45:55","2021-07-29 09:45:55","","No"
"4UI5e000005bKfeGAE","0","ConnectedApp","2021-07-29 19:40:31","0055e000005L2LGAA0","2021-07-29 19:40:31","0055e000005L2LGAA0","2021-07-29 19:40:31","33feeb1a1d4641ae9ff18345658841e3","cea333a28f4141a49e790d411f8b250f","00D5e000003QuLu","Revature","ConnectedApp","Dataloader Bulk","autoproc@00d5e000003qulueak","api, id","7.0","Updated","autoproc@00d5e000003qulueak","2021-07-29 09:45:55","2021-07-29 09:45:55","","No"
"4UI5e000005bKffGAE","0","ConnectedApp","2021-07-29 19:40:31","0055e000005L2LGAA0","2021-07-29 19:40:31","0055e000005L2LGAA0","2021-07-29 19:40:31","33feeb1a1d4641ae9ff18345658841e3","5282d7b630904ca18bf0c8a74b58394c","00D5e000003QuLu","Revature","ConnectedApp","Force.com IDE","autoproc@00d5e000003qulueak","id, api","5.0","Updated","autoproc@00d5e000003qulueak","2021-07-29 09:45:55","2021-07-29 09:45:55","","No"
