"Id","Username","FirstName","LastName","CompanyName","Division","Department","Title","Street","City","State","PostalCode","Country","Latitude","Longitude","GeocodeAccuracy","Email","SenderEmail","SenderName","Signature","StayInTouchSubject","StayInTouchSignature","StayInTouchNote","Phone","Fax","MobilePhone","Alias","CommunityNickname","IsActive","IsSystemControlled","TimeZoneSidKey","UserRoleId","LocaleSidKey","ReceivesInfoEmails","ReceivesAdminInfoEmails","EmailEncodingKey","ProfileId","UserType","UserSubtype","StartDay","EndDay","LanguageLocaleKey","EmployeeNumber","DelegatedApproverId","ManagerId","LastLoginDate","LastPasswordChangeDate","CreatedDate","CreatedById","LastModifiedDate","LastModifiedById","SystemModstamp","NumberOfFailedLogins","SuAccessExpirationDate","SuOrgAdminExpirationDate","OfflineTrialExpirationDate","WirelessTrialExpirationDate","OfflinePdaTrialExpirationDate","ForecastEnabled","ContactId","AccountId","CallCenterId","Extension","FederationIdentifier","AboutMe","LoginLimit","ProfilePhotoId","DigestFrequency","DefaultGroupNotificationFrequency","JigsawImportLimitOverride","WorkspaceId","SharingType","ChatterAdoptionStage","ChatterAdoptionStageModifiedDate","BannerPhotoId","IsProfilePhotoActive","IndividualId","GlobalIdentity"
"0055e000005DbAMAA0","wsempathy@brave-shark-5267fr.com","Austin","Ulberg","Revature","","","","","","","","US","","","","wsempathy@yahoo.com","","","","","","","","","","AUlbe","wsempathy","1","0","America/Los_Angeles","000000000000000AAA","en_US","0","1","UTF-8","00e5e000000zEFnAAM","Standard","","6","23","en_US","","000000000000000AAA","000000000000000AAA","2021-08-24 21:12:46","2021-08-06 18:51:35","2021-07-29 09:45:55","0055e000005DbAMAA0","2021-08-24 21:31:44","0055e000005DbAMAA0","2021-08-24 21:31:44","0","","","","","","1","000000000000000AAA","000000000000000AAA","","","","","","","N","N","300","1de5e00000CMYkaAAH","Standard","NU","2021-07-31 06:40:23","","0","000000000000000AAA",""
"0055e000005DcvFAAS","tester@proj.com","Tester","Project","","","","","","","","","","","","","wsempathy@yahoo.com","","","","","","","","","","tproj","User16275808486434681005","1","0","America/Los_Angeles","000000000000000AAA","en_US","1","1","UTF-8","00e5e0000013QhXAAU","Standard","","6","23","en_US","","000000000000000AAA","000000000000000AAA","","2021-07-29 17:50:02","2021-07-29 17:50:02","0055e000005DbAMAA0","2021-08-18 14:51:35","0055e000005DbAMAA0","2021-08-18 14:51:35","0","","","","","","0","000000000000000AAA","000000000000000AAA","","","","","","","D","N","300","000000000000000AAA","Standard","NU","2021-07-31 06:40:23","","0","000000000000000AAA",""
"0055e000005L2LFAA0","integration@00d5e000003qulueak.com","Integration","User","New Company Name","","","","","","","","xx","","","","integration@example.com","","","","","","","","","","integ","integration1.4407085834085586E12","1","0","America/Los_Angeles","000000000000000AAA","en_US","1","0","UTF-8","00e5e000000zEFoAAM","Standard","","","","en_US","","000000000000000AAA","000000000000000AAA","","","2021-07-29 09:45:55","0055e000005DbAMAA0","2021-07-29 09:45:55","0055e000005DbAMAA0","2021-07-29 10:27:36","","","","","","","0","000000000000000AAA","000000000000000AAA","","","","","","","N","N","","000000000000000AAA","Standard","","","","0","",""
"0055e000005L2LGAA0","autoproc@00d5e000003qulueak","Automated","Process","New Company Name","","","","","","","","xx","","","","autoproc@00d5e000003qulueak","","","","","","","","","","autoproc","automatedprocess","1","0","America/Los_Angeles","000000000000000AAA","en_US","1","0","UTF-8","00e5e000000zEFpAAM","AutomatedProcess","","","","en_US","","000000000000000AAA","","","","2021-07-29 09:45:55","0055e000005L2LHAA0","2021-07-29 09:45:55","0055e000005L2LHAA0","2021-07-29 10:27:36","","","","","","","0","000000000000000AAA","000000000000000AAA","","","","","","","D","N","","","AutomatedProcess","NU","2015-05-09 05:00:29","","0","",""
"0055e000005L2LHAA0","sfdcadmin@00d5e000003qulueak","Salesforce","Administrator","New Company Name","","","","","","","","xx","","","","sfdcadmin@00d5e000003qulueak","","","","","","","","","","sfdcadmn","sfdcadmn","1","0","America/Los_Angeles","000000000000000AAA","en_US","1","0","UTF-8","00e5e000000zEFqAAM","SfdcAdmin","","","","en_US","","000000000000000AAA","","","","2021-07-29 09:45:55","0055e000005DbAMAA0","2021-07-29 09:45:55","0055e000005DbAMAA0","2021-07-29 10:27:36","","","","","","","0","000000000000000AAA","000000000000000AAA","","","","","","","D","N","","","SfdcAdmin","NU","2015-05-09 05:00:29","","0","",""
"0055e000005L2LIAA0","externalwho@00d5e000003qulueak","Public","User","New Company Name","","","","","","","","xx","","","","externalWho@00d5e000003qulueak","","","","","","","","","","extwho","User15736988206341715365","1","0","America/Los_Angeles","000000000000000AAA","en_US","1","0","UTF-8","00e5e000000zEFrAAM","ExternalWho","Sfdc","","","en_US","","000000000000000AAA","000000000000000AAA","","","2021-07-29 09:45:55","0055e000005L2LHAA0","2021-07-29 09:45:55","0055e000005L2LHAA0","2021-07-29 10:27:36","","","","","","","0","000000000000000AAA","000000000000000AAA","","","","","","","N","N","","000000000000000AAA","ExternalWho","","","","0","000000000000000AAA",""
"0055e000005L2LJAA0","0336g0000008phoaay@00d5e000003qulueak","","Trailhead Tips","New Company Name","","","","","","","","xx","","","","noreply@00d5e000003qulueak","","","","","","","","","","APP","User15736988315659618691","0","0","America/Los_Angeles","000000000000000AAA","en_US","1","0","UTF-8","00e5e000000zEFsAAM","LicenseManager","","6","23","en_US","","000000000000000AAA","000000000000000AAA","","","2021-07-29 09:45:55","0055e000005DbAMAA0","2021-07-29 09:45:55","0055e000005DbAMAA0","2021-07-29 10:27:36","","","","","","","0","000000000000000AAA","000000000000000AAA","","","","","","","N","N","","000000000000000AAA","LicenseManager","","","","0","000000000000000AAA",""
"0055e000005L2LKAA0","0336g0000004k1faaa@00d5e000003qulueak","","Playground Starter","New Company Name","","","","","","","","xx","","","","noreply@00d5e000003qulueak","","","","","","","","","","APP","User15743584129788132819","1","0","America/Los_Angeles","000000000000000AAA","en_US","1","0","UTF-8","00e5e000000zEFsAAM","LicenseManager","","6","23","en_US","","000000000000000AAA","000000000000000AAA","","","2021-07-29 09:45:55","0055e000005DbAMAA0","2021-07-29 09:45:55","0055e000005DbAMAA0","2021-07-29 10:27:36","","","","","","","0","000000000000000AAA","000000000000000AAA","","","","","","","N","N","","000000000000000AAA","LicenseManager","","","","0","000000000000000AAA",""
"0055e000005L2LLAA0","03330000000wdabaam@00d5e000003qulueak","","Salesforce Connected Apps","New Company Name","","","","","","","","xx","","","","noreply@00d5e000003qulueak","","","","","","","","","","APP","User15791951974167292675","1","0","America/Los_Angeles","000000000000000AAA","en_US","1","0","UTF-8","00e5e000000zEFsAAM","LicenseManager","","","","en_US","","000000000000000AAA","000000000000000AAA","","","2021-07-29 09:45:55","0055e000005L2LGAA0","2021-07-29 09:45:55","0055e000005L2LGAA0","2021-07-29 10:27:36","","","","","","","0","000000000000000AAA","000000000000000AAA","","","","","","","N","N","","000000000000000AAA","LicenseManager","","","","0","000000000000000AAA",""
"0055e000005L2LMAA0","cloud@00d5e000003qulueak","","Platform Integration User","New Company Name","","","","","","","","xx","","","","noreply@00d5e000003qulueak","","","","","","","","","","platint","User15961655676312814816","1","0","America/Los_Angeles","000000000000000AAA","en_US","1","0","UTF-8","00e5e000000zEFtAAM","CloudIntegrationUser","","","","en_US","","000000000000000AAA","000000000000000AAA","","","2021-07-29 09:45:55","0055e000005L2LHAA0","2021-07-29 09:45:55","0055e000005L2LHAA0","2021-07-29 10:27:36","","","","","","","0","000000000000000AAA","000000000000000AAA","","","","","","","N","N","","000000000000000AAA","CloudIntegrationUser","","","","0","000000000000000AAA",""
"0055e000005L2LNAA0","insightssecurity@00d5e000003qulueak.com","Security","User","New Company Name","","","","","","","","xx","","","","insightssecurity@example.com","","","","","","","","","","sec","insightssecurity1.4407085845464958E12","1","0","America/Los_Angeles","000000000000000AAA","en_US","1","0","UTF-8","00e5e000000zEFuAAM","Standard","","","","en_US","","000000000000000AAA","000000000000000AAA","","","2021-07-29 09:45:55","0055e000005DbAMAA0","2021-07-29 09:45:55","0055e000005DbAMAA0","2021-07-29 10:27:36","","","","","","","0","000000000000000AAA","000000000000000AAA","","","","","","","N","N","","000000000000000AAA","Standard","","","","0","",""
"0055e000005L2LOAA0","chatty.00d5e000003qulueak.bcsp1qx9fgwg@chatter.salesforce.com","","Chatter Expert","New Company Name","","","","","","","","xx","","","","noreply@chatter.salesforce.com","","","","","","","","","","Chatter","Chatter Expert","1","0","America/Los_Angeles","000000000000000AAA","en_US","1","0","UTF-8","00e5e000000zEFvAAM","CsnOnly","","","","en_US","","000000000000000AAA","000000000000000AAA","","","2021-07-29 09:45:55","0055e000005DbAMAA0","2021-07-29 09:45:55","0055e000005DbAMAA0","2021-07-29 10:27:36","","","","","","","0","000000000000000AAA","000000000000000AAA","","","","I?m here to help you get started with Chatter. I?ll introduce you to features, create sample posts, and suggest tips and best practices.  I'm an automated user so you don't need to worry about privacy! I can't see any of your posts or files.  If I'm too noisy, have your admin or moderator deactivate me and I'll stop posting.","","7295e000000y0GAAAY","D","N","","000000000000000AAA","CsnOnly","","","","1","",""
"0055e000005L2LPAA0","03341000000twahaaw@00d5e000003qulueak","","Trailhead Playground","New Company Name","","","","","","","","xx","","","","noreply@00d5e000003qulueak","","","","","","","","","","APP","03341000000twahaaw1.473890317695001E12","0","0","America/Los_Angeles","000000000000000AAA","en_US","1","0","UTF-8","00e5e000000zEFsAAM","LicenseManager","","6","23","en_US","","000000000000000AAA","000000000000000AAA","","","2021-07-29 09:45:55","0055e000005DbAMAA0","2021-07-29 09:45:55","0055e000005DbAMAA0","2021-07-29 10:27:36","","","","","","","0","000000000000000AAA","000000000000000AAA","","","","","","","N","N","","000000000000000AAA","LicenseManager","","","","0","000000000000000AAA",""
"0055e000006eAKEAA2","selling@manager.com","Selling","Manager","RandCompany","","SellingDepartment","","","","","","","","","","selling@manager.com","","","","","","","","","","smana","User16279300267816505142","0","0","America/Los_Angeles","00E5e0000016141EAA","en_US","1","1","UTF-8","00e5e0000013SlOAAU","Standard","","6","23","en_US","","000000000000000AAA","000000000000000AAA","","2021-08-02 18:48:21","2021-08-02 18:48:21","0055e000005DbAMAA0","2021-08-02 19:02:38","0055e000005DbAMAA0","2021-08-02 19:02:38","0","","","","","","0","000000000000000AAA","000000000000000AAA","","","","","","","D","N","300","000000000000000AAA","Standard","","","","0","000000000000000AAA",""
"0055e000006f2ZSAAY","support@specialist.com","Support","Specialist","","","","","","","","","","","","","support@specialist.com","","","","","","","","","","sspec","User16285241880825193968","1","0","America/Los_Angeles","000000000000000AAA","en_US","1","1","UTF-8","00e5e000000zEGBAA2","Standard","","6","23","en_US","","000000000000000AAA","000000000000000AAA","","2021-08-09 15:50:36","2021-08-09 15:50:35","0055e000005DbAMAA0","2021-08-18 14:51:24","0055e000005DbAMAA0","2021-08-18 14:51:24","0","","","","","","0","000000000000000AAA","000000000000000AAA","","","","","","","D","N","300","000000000000000AAA","Standard","","","","0","000000000000000AAA",""
"0055e000006xIyTAAU","codebreakers@codebreakers-developer-edition.na162.force.com","Codebreakers","Site Guest User","","","","","","","","","","","","","codebreakers@codebreakers-developer-edition.na162.force.com","","","","","","","","","","guest","Codebreakers","1","0","GMT","000000000000000AAA","en_US","1","0","UTF-8","00e5e000003PHkuAAG","Guest","","","","en_US","","000000000000000AAA","000000000000000AAA","","","2021-08-24 21:20:23","0055e000005DbAMAA0","2021-08-24 21:20:23","0055e000005DbAMAA0","2021-08-24 21:20:23","","2100-12-31 00:00:00","","","","","0","000000000000000AAA","000000000000000AAA","","","","","","","N","N","","000000000000000AAA","Guest","","","","0","000000000000000AAA",""
