"Id","IsDeleted","Name","CreatedDate","CreatedById","LastModifiedDate","LastModifiedById","SystemModstamp","UserId","AppDefinitionId","TabDefinitionId","Target","TargetEntityTypeId","TargetContext","IsNameOverridden","SortOrder"
"0Qk5e0000021IorCAE","0","","2021-08-18 13:13:13","0055e000005DcvFAAS","2021-08-18 13:13:13","0055e000005DcvFAAS","2021-08-18 13:13:13","0055e000005DcvFAAS","06m5e000000myxZAAQ","home","","TabDefinition","Tab","0","1"
"0Qk5e0000021IosCAE","0","","2021-08-18 13:13:13","0055e000005DcvFAAS","2021-08-18 13:13:13","0055e000005DcvFAAS","2021-08-18 13:13:13","0055e000005DcvFAAS","06m5e000000myxZAAQ","Contact","","TabDefinition","Tab","0","2"
"0Qk5e0000021IotCAE","0","","2021-08-18 13:13:13","0055e000005DcvFAAS","2021-08-18 13:13:13","0055e000005DcvFAAS","2021-08-18 13:13:13","0055e000005DcvFAAS","06m5e000000myxZAAQ","Event","","TabDefinition","Tab","0","3"
"0Qk5e0000021IouCAE","0","","2021-08-18 13:13:13","0055e000005DcvFAAS","2021-08-18 13:13:13","0055e000005DcvFAAS","2021-08-18 13:13:13","0055e000005DcvFAAS","06m5e000000myxZAAQ","OtherUserProfile","","TabDefinition","Tab","0","4"
"0Qk5e0000021IovCAE","0","","2021-08-18 13:13:13","0055e000005DcvFAAS","2021-08-18 13:13:13","0055e000005DcvFAAS","2021-08-18 13:13:13","0055e000005DcvFAAS","06m5e000000myxZAAQ","0KD5e000000cprqGAA","","TabDefinition","Tab","0","5"
"0Qk5e0000021IowCAE","0","","2021-08-18 13:13:13","0055e000005DcvFAAS","2021-08-18 13:13:13","0055e000005DcvFAAS","2021-08-18 13:13:13","0055e000005DcvFAAS","06m5e000000myxZAAQ","0KD5e000000cprvGAA","","TabDefinition","Tab","0","6"
"0Qk5e0000021IoxCAE","0","","2021-08-18 13:13:13","0055e000005DcvFAAS","2021-08-18 13:13:13","0055e000005DcvFAAS","2021-08-18 13:13:13","0055e000005DcvFAAS","06m5e000000myxZAAQ","0KD5e000000cps0GAA","","TabDefinition","Tab","0","7"
"0Qk5e0000021IoyCAE","0","","2021-08-18 13:13:13","0055e000005DcvFAAS","2021-08-18 13:13:13","0055e000005DcvFAAS","2021-08-18 13:13:13","0055e000005DcvFAAS","06m5e000000myxZAAQ","Product2","","TabDefinition","Tab","0","8"
