"Id","Name","ParentRoleId","RollupDescription","OpportunityAccessForAccountOwner","CaseAccessForAccountOwner","ContactAccessForAccountOwner","ForecastUserId","MayForecastManagerShare","LastModifiedDate","LastModifiedById","SystemModstamp","PortalAccountId","PortalType","PortalRole","PortalAccountOwnerId"
"00E5e000000pDiOEAU","Owner","00E5e000001613uEAA","Owner","Edit","None","Edit","","0","2021-08-02 16:53:51","0055e000005DbAMAA0","2021-08-02 16:53:51","","None","",""
"00E5e000001613uEAA","CEO","000000000000000AAA","CEO","Edit","Edit","Edit","","0","2021-07-29 09:45:55","0055e000005DbAMAA0","2021-07-29 09:45:55","","None","",""
"00E5e000001613vEAA","SVP, Sales & Marketing","00E5e000001613uEAA","SVP, Sales & Marketing","Edit","Edit","Edit","","0","2021-07-29 09:45:55","0055e000005DbAMAA0","2021-07-29 09:45:55","","None","",""
"00E5e000001613wEAA","VP, North American Sales","00E5e000001613vEAA","VP, North American Sales","Edit","Edit","Edit","","0","2021-07-29 09:45:55","0055e000005DbAMAA0","2021-07-29 09:45:55","","None","",""
"00E5e000001613xEAA","Director, Direct Sales","00E5e000001613wEAA","Director, Direct Sales","Edit","Edit","Edit","","0","2021-07-29 09:45:55","0055e000005DbAMAA0","2021-07-29 09:45:55","","None","",""
"00E5e000001613yEAA","VP, Marketing","00E5e000001613vEAA","VP, Marketing","Edit","Edit","Edit","","0","2021-07-29 09:45:55","0055e000005DbAMAA0","2021-07-29 09:45:55","","None","",""
"00E5e000001613zEAA","SVP, Customer Service & Support","00E5e000001613uEAA","SVP, Customer Service & Support","Edit","Edit","Edit","","0","2021-07-29 09:45:55","0055e000005DbAMAA0","2021-07-29 09:45:55","","None","",""
"00E5e0000016140EAA","Director, Channel Sales","00E5e000001613wEAA","Director, Channel Sales","Edit","Edit","Edit","","0","2021-07-29 09:45:55","0055e000005DbAMAA0","2021-07-29 09:45:55","","None","",""
"00E5e0000016141EAA","CFO","00E5e000001613uEAA","CFO","Edit","Edit","Edit","","0","2021-07-29 09:45:55","0055e000005DbAMAA0","2021-07-29 09:45:55","","None","",""
"00E5e0000016142EAA","Western Sales Team","00E5e000001613xEAA","Western Sales Team","Edit","Edit","Edit","","0","2021-07-29 09:45:55","0055e000005DbAMAA0","2021-07-29 09:45:55","","None","",""
"00E5e0000016143EAA","Customer Support, North America","00E5e000001613zEAA","Customer Support, North America","Edit","Edit","Edit","","0","2021-07-29 09:45:55","0055e000005DbAMAA0","2021-07-29 09:45:55","","None","",""
"00E5e0000016144EAA","Channel Sales Team","00E5e0000016140EAA","Channel Sales Team","Edit","Edit","Edit","","0","2021-07-29 09:45:55","0055e000005DbAMAA0","2021-07-29 09:45:55","","None","",""
"00E5e0000016145EAA","Marketing Team","00E5e000001613yEAA","Marketing Team","Edit","Edit","Edit","","0","2021-07-29 09:45:55","0055e000005DbAMAA0","2021-07-29 09:45:55","","None","",""
"00E5e0000016146EAA","Installation & Repair Services","00E5e000001613zEAA","Installation & Repair Services","Edit","Edit","Edit","","0","2021-07-29 09:45:55","0055e000005DbAMAA0","2021-07-29 09:45:55","","None","",""
"00E5e0000016147EAA","Eastern Sales Team","00E5e000001613xEAA","Eastern Sales Team","Edit","Edit","Edit","","0","2021-07-29 09:45:55","0055e000005DbAMAA0","2021-07-29 09:45:55","","None","",""
"00E5e0000016148EAA","Customer Support, International","00E5e000001613zEAA","Customer Support, International","Edit","Edit","Edit","","0","2021-07-29 09:45:55","0055e000005DbAMAA0","2021-07-29 09:45:55","","None","",""
"00E5e0000016149EAA","VP, International Sales","00E5e000001613vEAA","VP, International Sales","Edit","Edit","Edit","","0","2021-07-29 09:45:55","0055e000005DbAMAA0","2021-07-29 09:45:55","","None","",""
"00E5e000001614AEAQ","SVP, Human Resources","00E5e000001613uEAA","SVP, Human Resources","Edit","Edit","Edit","","0","2021-07-29 09:45:55","0055e000005DbAMAA0","2021-07-29 09:45:55","","None","",""
"00E5e000001614BEAQ","COO","00E5e000001613uEAA","COO","Edit","Edit","Edit","","0","2021-07-29 09:45:55","0055e000005DbAMAA0","2021-07-29 09:45:55","","None","",""
