"Id","OwnerId","IsDeleted","Name","CreatedDate","CreatedById","LastModifiedDate","LastModifiedById","SystemModstamp","RewardFundId","IsCompanyWide","Description","ImageUrl","IsActive","NetworkId","LimitNumber","IsLimitPerUser","LimitStartDate","BadgeType"
"0W15e000007rPjwCAE","0055e000005DbAMAA0","0","Thanks","2021-07-29 09:45:55","0055e000005DbAMAA0","2021-07-29 09:45:55","0055e000005DbAMAA0","2021-07-29 09:45:55","","1","Thank you for going above and beyond to contribute to our success!","/img/rypple/Thanks.png","1","","","0","",""
"0W15e000007rPjxCAE","0055e000005DbAMAA0","0","You're a RockStar!","2021-07-29 09:45:55","0055e000005DbAMAA0","2021-07-29 09:45:55","0055e000005DbAMAA0","2021-07-29 09:45:55","","1","Great job - you rocked it!","/img/rypple/RockStar.png","1","","","0","",""
"0W15e000007rPjyCAE","0055e000005DbAMAA0","0","Team Player","2021-07-29 09:45:55","0055e000005DbAMAA0","2021-07-29 09:45:55","0055e000005DbAMAA0","2021-07-29 09:45:55","","1","Success is a team sport. Thanks for playing!","/img/rypple/Team.png","1","","","0","",""
"0W15e000007rPjzCAE","0055e000005DbAMAA0","0","All About Execution","2021-07-29 09:45:55","0055e000005DbAMAA0","2021-07-29 09:45:55","0055e000005DbAMAA0","2021-07-29 09:45:55","","1","Like the mailman, you deliver!","/img/rypple/Execution.png","1","","","0","",""
"0W15e000007rPk0CAE","0055e000005DbAMAA0","0","Teacher","2021-07-29 09:45:55","0055e000005DbAMAA0","2021-07-29 09:45:55","0055e000005DbAMAA0","2021-07-29 09:45:55","","1","For sharing your knowledge","/img/rypple/Teacher.png","1","","","0","",""
"0W15e000007rPk1CAE","0055e000005DbAMAA0","0","Top Performer","2021-07-29 09:45:55","0055e000005DbAMAA0","2021-07-29 09:45:55","0055e000005DbAMAA0","2021-07-29 09:45:55","","1","For crushing your numbers!","/img/rypple/Sales.png","1","","","0","",""
"0W15e000007rPk2CAE","0055e000005DbAMAA0","0","Hot Lead","2021-07-29 09:45:55","0055e000005DbAMAA0","2021-07-29 09:45:55","0055e000005DbAMAA0","2021-07-29 09:45:55","","1","Thank you for your hot lead!","/img/rypple/Lead.png","1","","","0","",""
"0W15e000007rPk3CAE","0055e000005DbAMAA0","0","Key Win","2021-07-29 09:45:55","0055e000005DbAMAA0","2021-07-29 09:45:55","0055e000005DbAMAA0","2021-07-29 09:45:55","","1","Great job on winning a great deal for the company!","/img/rypple/KeyWin.png","1","","","0","",""
"0W15e000007rPk4CAE","0055e000005DbAMAA0","0","Customer Hero","2021-07-29 09:45:55","0055e000005DbAMAA0","2021-07-29 09:45:55","0055e000005DbAMAA0","2021-07-29 09:45:55","","1","The customer is always #1","/img/rypple/Customer.png","1","","","0","",""
"0W15e000007rPk5CAE","0055e000005DbAMAA0","0","Competition Crusher","2021-07-29 09:45:55","0055e000005DbAMAA0","2021-07-29 09:45:55","0055e000005DbAMAA0","2021-07-29 09:45:55","","1","You're crushing the competition","/img/rypple/Competition.png","1","","","0","",""
"0W15e000007rPk6CAE","0055e000005DbAMAA0","0","Deal Maker","2021-07-29 09:45:55","0055e000005DbAMAA0","2021-07-29 09:45:55","0055e000005DbAMAA0","2021-07-29 09:45:55","","1","Always be closing!","/img/rypple/DealMaker.png","1","","","0","",""
"0W15e000007rPk7CAE","0055e000005DbAMAA0","0","Gold Star","2021-07-29 09:45:55","0055e000005DbAMAA0","2021-07-29 09:45:55","0055e000005DbAMAA0","2021-07-29 09:45:55","","1","Sealing a great job with a gold star.","/img/rypple/GoldStar.png","1","","","0","",""
